,close,diff,open,high,low,volume,agency,foreign
2020.01.09,32800.0,450.0,32600.0,33050.0,32350.0,175451.0,10369.0,-38012.0
2020.01.08,32350.0,-950.0,33150.0,33150.0,32100.0,180383.0,-26374.0,-10945.0
2020.01.07,33300.0,350.0,33100.0,33700.0,33100.0,127382.0,14100.0,-14665.0
2020.01.06,32950.0,-1000.0,33900.0,33900.0,32900.0,175663.0,-31221.0,-941.0
2020.01.03,33950.0,-950.0,34950.0,35050.0,33450.0,377485.0,-143065.0,21385.0
2020.01.02,34900.0,-300.0,35450.0,35450.0,34900.0,146404.0,-581.0,-3986.0
2019.12.30,35200.0,500.0,34550.0,35400.0,34450.0,220708.0,19610.0,43616.0
2019.12.27,34700.0,0.0,34500.0,34950.0,34300.0,149331.0,-7711.0,-10854.0
2019.12.26,34700.0,-100.0,34500.0,34900.0,34350.0,131841.0,-377.0,-3874.0
2019.12.24,34800.0,50.0,34650.0,34900.0,34300.0,161579.0,-17017.0,4105.0
2019.12.23,34750.0,-600.0,35350.0,35400.0,34550.0,194195.0,-72550.0,10150.0
2019.12.20,35350.0,-350.0,35750.0,35850.0,34900.0,220148.0,-39784.0,-17823.0
2019.12.19,35700.0,0.0,35800.0,35800.0,35400.0,127314.0,-35525.0,29580.0
2019.12.18,35700.0,-350.0,36000.0,36200.0,35500.0,142132.0,-84021.0,50458.0
2019.12.17,36050.0,-250.0,36200.0,36400.0,35700.0,178695.0,-37242.0,11651.0
2019.12.16,36300.0,50.0,36000.0,36400.0,35650.0,147075.0,-6572.0,10217.0
2019.12.13,36250.0,-900.0,37150.0,37350.0,36250.0,254806.0,-30596.0,-39175.0
2019.12.12,37150.0,400.0,37000.0,37900.0,36700.0,513213.0,-34495.0,166413.0
2019.12.11,36750.0,1450.0,35500.0,36750.0,35400.0,333119.0,-12235.0,127175.0
2019.12.10,35300.0,50.0,34900.0,35500.0,34900.0,73286.0,-13457.0,25958.0
2019.12.09,35250.0,-550.0,35800.0,35950.0,34800.0,223954.0,-48139.0,32227.0
2019.12.06,35800.0,500.0,35600.0,36100.0,35550.0,228392.0,12321.0,-7336.0
2019.12.05,35300.0,-50.0,35150.0,35700.0,34900.0,208359.0,27789.0,-10068.0
2019.12.04,35350.0,100.0,34850.0,35350.0,34450.0,161571.0,1203.0,22063.0
2019.12.03,35250.0,150.0,35050.0,35450.0,34700.0,254328.0,-33508.0,54050.0
2019.12.02,35100.0,350.0,34700.0,35400.0,34100.0,193540.0,189.0,28362.0
2019.11.29,34750.0,-250.0,35300.0,35300.0,34500.0,181772.0,-65537.0,45377.0
2019.11.28,35000.0,-450.0,35200.0,35300.0,34850.0,119443.0,-25044.0,12409.0
2019.11.27,35450.0,250.0,35450.0,35600.0,34700.0,142927.0,-908.0,21374.0
2019.11.26,35200.0,-100.0,35100.0,35400.0,34450.0,244257.0,-60550.0,34198.0
2019.11.25,35300.0,700.0,34800.0,35300.0,34750.0,123423.0,-11686.0,28998.0
2019.11.22,34600.0,-300.0,34900.0,35150.0,34350.0,171475.0,-25044.0,13876.0
2019.11.21,34900.0,-350.0,34700.0,35350.0,34300.0,237202.0,-3074.0,23589.0
2019.11.20,35250.0,300.0,34950.0,35400.0,34200.0,357320.0,-71764.0,84772.0
2019.11.19,34950.0,-2100.0,36900.0,37050.0,34400.0,776461.0,-341723.0,51341.0
2019.11.18,37050.0,-450.0,37400.0,38150.0,36250.0,313609.0,-153689.0,136674.0
2019.11.15,37500.0,300.0,37250.0,37750.0,36900.0,156627.0,-8220.0,18466.0
2019.11.14,37200.0,-500.0,37750.0,37750.0,36850.0,234830.0,-13994.0,1741.0
2019.11.13,37700.0,600.0,37100.0,38450.0,37100.0,377742.0,18773.0,59965.0
2019.11.12,37100.0,1250.0,36000.0,37250.0,35850.0,354947.0,-50933.0,139337.0
2019.11.11,35850.0,-400.0,36100.0,36600.0,35550.0,189007.0,-22051.0,9227.0
2019.11.08,36250.0,750.0,35900.0,36700.0,35550.0,372965.0,-45057.0,120861.0
2019.11.07,35500.0,-200.0,35450.0,35750.0,35100.0,218405.0,-111136.0,104072.0
2019.11.06,35700.0,-100.0,35750.0,36050.0,35050.0,239685.0,-53284.0,44576.0
2019.11.05,35800.0,-550.0,36200.0,36500.0,35400.0,183345.0,-79566.0,43331.0
2019.11.04,36350.0,300.0,36200.0,36800.0,36100.0,228357.0,89393.0,-31093.0
2019.11.01,36050.0,250.0,35450.0,36400.0,35350.0,211897.0,62229.0,-20137.0
2019.10.31,35800.0,-150.0,35800.0,36000.0,35250.0,149375.0,-11714.0,16214.0
2019.10.30,35950.0,0.0,35900.0,36150.0,35250.0,228668.0,-44269.0,56312.0
2019.10.29,35950.0,50.0,36050.0,36500.0,35700.0,215600.0,2203.0,27462.0
2019.10.28,35900.0,950.0,35150.0,36100.0,35150.0,327036.0,53899.0,60418.0
2019.10.25,34950.0,800.0,35300.0,35300.0,34200.0,537057.0,132908.0,-72738.0
2019.10.24,34150.0,50.0,34150.0,34750.0,34050.0,446296.0,51491.0,-118616.0
2019.10.23,34100.0,-1250.0,35400.0,35500.0,34000.0,344746.0,-77260.0,15777.0
2019.10.22,35350.0,300.0,35200.0,35600.0,34800.0,317359.0,50200.0,-24583.0
2019.10.21,35050.0,350.0,36750.0,36750.0,34750.0,536001.0,58883.0,-111153.0
2019.10.18,34700.0,650.0,34550.0,34850.0,33700.0,389360.0,154405.0,-72142.0
2019.10.17,34050.0,250.0,33900.0,34600.0,33900.0,240510.0,27698.0,34453.0
2019.10.16,33800.0,-150.0,34000.0,34500.0,33400.0,224481.0,-18938.0,-45.0
2019.10.15,33950.0,350.0,33650.0,34000.0,33450.0,222349.0,-28488.0,32712.0
2019.10.14,33600.0,400.0,33600.0,33650.0,32750.0,284620.0,-38971.0,48107.0
2019.10.11,33200.0,400.0,33200.0,33400.0,32800.0,228172.0,-46063.0,64609.0
2019.10.10,32800.0,-1250.0,33500.0,33900.0,32800.0,336836.0,-55319.0,-36800.0
2019.10.08,34050.0,1350.0,32950.0,34200.0,32750.0,387817.0,43122.0,34212.0
2019.10.07,32700.0,-100.0,33000.0,33150.0,32450.0,276166.0,-22028.0,-15595.0
2019.10.04,32800.0,-850.0,33650.0,33750.0,32350.0,558529.0,-19507.0,-58528.0
2019.10.02,33650.0,-1400.0,34550.0,34600.0,33500.0,569030.0,-89139.0,3999.0
2019.10.01,35050.0,-1150.0,35950.0,36400.0,34800.0,311771.0,-36630.0,-55707.0
2019.09.30,36200.0,900.0,35400.0,36450.0,35000.0,323887.0,80704.0,-12371.0
2019.09.27,35300.0,200.0,35450.0,35500.0,34350.0,300948.0,9772.0,13234.0
2019.09.26,35100.0,-650.0,35800.0,36400.0,35000.0,369635.0,-1481.0,130.0
2019.09.25,35750.0,850.0,34700.0,36650.0,34450.0,916449.0,18320.0,293462.0
2019.09.24,34900.0,-2700.0,36450.0,36500.0,33550.0,2507097.0,-209756.0,-35402.0
2019.09.23,37600.0,550.0,37050.0,37600.0,36600.0,345306.0,-3009.0,42533.0
2019.09.20,37050.0,1750.0,35350.0,37050.0,35300.0,528557.0,46402.0,89212.0
2019.09.19,35300.0,-500.0,35850.0,36300.0,35200.0,209738.0,-21084.0,8397.0
2019.09.18,35800.0,0.0,36000.0,36100.0,35450.0,228533.0,-31483.0,44258.0
2019.09.17,35800.0,-250.0,35950.0,36100.0,35450.0,214377.0,-16260.0,16558.0
2019.09.16,36050.0,300.0,36000.0,36300.0,35400.0,251777.0,-11327.0,18695.0
2019.09.11,35750.0,300.0,35450.0,35950.0,34950.0,372412.0,26352.0,4263.0
2019.09.10,35450.0,1250.0,34800.0,36150.0,34800.0,576461.0,-27828.0,118945.0
2019.09.09,34200.0,-600.0,34800.0,35100.0,33900.0,401192.0,-15278.0,-16573.0
2019.09.06,34800.0,-200.0,35050.0,35400.0,34400.0,256906.0,-35079.0,60768.0
2019.09.05,35000.0,-500.0,35600.0,35700.0,34750.0,325643.0,2421.0,-26572.0
2019.09.04,35500.0,750.0,35400.0,35700.0,34550.0,400254.0,120557.0,-37911.0
2019.09.03,34750.0,250.0,34750.0,35000.0,34200.0,278841.0,22733.0,15156.0
2019.09.02,34500.0,400.0,34200.0,34900.0,33950.0,232506.0,54962.0,-20728.0
2019.08.30,34100.0,450.0,34050.0,34400.0,33450.0,280672.0,-14116.0,-32015.0
2019.08.29,33650.0,-600.0,34450.0,35000.0,33650.0,319751.0,39787.0,-93515.0
2019.08.28,34250.0,2300.0,32500.0,34500.0,32450.0,784508.0,125797.0,-9998.0
2019.08.27,31950.0,-400.0,32550.0,32600.0,31800.0,282131.0,-48608.0,16218.0
2019.08.26,32350.0,-550.0,32050.0,32650.0,31950.0,195212.0,32215.0,-11834.0
2019.08.23,32900.0,-250.0,32800.0,32950.0,32050.0,307109.0,-6936.0,-4517.0
2019.08.22,33150.0,450.0,32800.0,33350.0,32300.0,339256.0,-19947.0,32116.0
2019.08.21,32700.0,50.0,32300.0,33000.0,31950.0,288641.0,47434.0,-44603.0
2019.08.20,32650.0,-400.0,32950.0,33000.0,32050.0,264458.0,23383.0,-41218.0
2019.08.19,33050.0,650.0,32400.0,33100.0,31650.0,341323.0,47785.0,-20684.0
2019.08.16,32400.0,-900.0,33150.0,33200.0,32100.0,392966.0,35155.0,-47026.0
2019.08.14,33300.0,0.0,33750.0,33800.0,32900.0,338720.0,36447.0,-41345.0
2019.08.13,33300.0,550.0,32500.0,33800.0,32500.0,400964.0,-32567.0,63715.0
2019.08.12,32750.0,-1200.0,33600.0,34200.0,32500.0,422735.0,-62793.0,37238.0
2019.08.09,33950.0,-650.0,34800.0,35850.0,33400.0,547987.0,-16507.0,78608.0
2019.08.08,34600.0,1400.0,33550.0,34950.0,33300.0,535852.0,-9251.0,58675.0
2019.08.07,33200.0,-50.0,33200.0,33650.0,32800.0,343438.0,-85113.0,128288.0
2019.08.06,33250.0,-500.0,33100.0,33500.0,31700.0,583722.0,109663.0,-31882.0
2019.08.05,33750.0,-500.0,34500.0,34800.0,33450.0,322883.0,47491.0,16313.0
2019.08.02,34250.0,-50.0,33250.0,34500.0,33250.0,340937.0,129675.0,-53549.0
2019.08.01,34300.0,450.0,33450.0,34700.0,33000.0,370619.0,14392.0,74572.0
2019.07.31,33850.0,-750.0,34100.0,34400.0,33050.0,451677.0,60830.0,-26764.0
2019.07.30,34600.0,1200.0,33250.0,34750.0,33250.0,607037.0,4430.0,47021.0
2019.07.29,33400.0,-1550.0,34400.0,34600.0,33000.0,940687.0,-9533.0,72888.0
2019.07.26,34950.0,3150.0,32700.0,35050.0,32400.0,2676141.0,38903.0,871310.0
2019.07.25,31800.0,650.0,31150.0,32150.0,30550.0,1048009.0,181276.0,9673.0
2019.07.24,31150.0,1250.0,29800.0,31500.0,29800.0,896800.0,222933.0,17533.0
2019.07.23,29900.0,850.0,29000.0,30200.0,28950.0,528092.0,126836.0,48808.0
2019.07.22,29050.0,550.0,28400.0,29200.0,28300.0,240269.0,14439.0,57320.0
2019.07.19,28500.0,-100.0,28950.0,29100.0,28250.0,227620.0,-45568.0,22158.0
2019.07.18,28600.0,-400.0,28750.0,29350.0,28250.0,214561.0,-27756.0,-5496.0
2019.07.17,29000.0,150.0,28850.0,29250.0,28600.0,240836.0,24098.0,28389.0
2019.07.16,28850.0,-100.0,28950.0,29250.0,28450.0,200140.0,20675.0,15239.0
2019.07.15,28950.0,-400.0,29400.0,29700.0,28500.0,238296.0,3868.0,-19834.0
2019.07.12,29350.0,400.0,28900.0,29750.0,28900.0,363139.0,90932.0,-76646.0
2019.07.11,28950.0,200.0,28750.0,29350.0,28750.0,434523.0,105021.0,-84788.0
2019.07.10,28750.0,150.0,28400.0,29100.0,28400.0,397231.0,134651.0,-115834.0
2019.07.09,28600.0,300.0,28500.0,29450.0,28300.0,677065.0,148044.0,-54730.0
2019.07.08,28300.0,150.0,28250.0,28900.0,27850.0,662255.0,137762.0,-78715.0
2019.07.05,28150.0,750.0,27550.0,28750.0,27550.0,633142.0,58176.0,1780.0
2019.07.04,27400.0,-600.0,28100.0,28150.0,26650.0,830968.0,-140432.0,16218.0
2019.07.03,28000.0,-1700.0,29400.0,29400.0,27850.0,1040925.0,-587.0,-210745.0
2019.07.02,29700.0,-150.0,29650.0,29800.0,29400.0,155102.0,18487.0,-28726.0
2019.07.01,29850.0,350.0,29850.0,30100.0,29300.0,286926.0,59795.0,-1346.0
2019.06.28,29500.0,300.0,29150.0,29500.0,29000.0,209526.0,-4082.0,56844.0
2019.06.27,29200.0,400.0,28800.0,29600.0,28800.0,246964.0,41130.0,49736.0
2019.06.26,28800.0,-550.0,29350.0,29350.0,28750.0,259724.0,-22992.0,-43866.0
2019.06.25,29350.0,-50.0,29450.0,29950.0,29200.0,256934.0,48478.0,-32423.0
2019.06.24,29400.0,400.0,29000.0,29650.0,28950.0,215843.0,38862.0,14875.0
2019.06.21,29000.0,-550.0,29600.0,29650.0,29000.0,240195.0,-34495.0,-68533.0
2019.06.20,29550.0,400.0,29200.0,29800.0,29000.0,274673.0,2157.0,9190.0
2019.06.19,29150.0,150.0,29350.0,29400.0,29000.0,176718.0,-9651.0,-33645.0
2019.06.18,29000.0,50.0,28950.0,29100.0,28800.0,135431.0,15068.0,-28345.0
2019.06.17,28950.0,-300.0,29150.0,29550.0,28850.0,206895.0,-33323.0,-39674.0
2019.06.14,29250.0,-200.0,29500.0,29700.0,29050.0,220162.0,13972.0,-27062.0
2019.06.13,29450.0,0.0,29500.0,29600.0,28800.0,423096.0,-90504.0,-20882.0
2019.06.12,29450.0,-700.0,30450.0,30650.0,29300.0,435949.0,-91180.0,-51533.0
2019.06.11,30150.0,-200.0,30750.0,30750.0,29850.0,285780.0,-11937.0,-42504.0
2019.06.10,30350.0,1000.0,29900.0,30500.0,29850.0,337676.0,37760.0,20755.0
2019.06.07,29350.0,300.0,29100.0,29750.0,29100.0,232620.0,3006.0,6242.0
2019.06.05,29050.0,450.0,29200.0,29300.0,28900.0,240456.0,55153.0,-14224.0
2019.06.04,28600.0,50.0,28550.0,29050.0,28400.0,380602.0,-35976.0,-42954.0
2019.06.03,28550.0,50.0,28150.0,28650.0,27950.0,288265.0,-8371.0,-41655.0
2019.05.31,28500.0,-900.0,29400.0,29400.0,27800.0,595567.0,-95861.0,-86512.0
2019.05.30,29400.0,550.0,28900.0,29600.0,28700.0,213025.0,21702.0,-4875.0
2019.05.29,28850.0,-1150.0,29950.0,30000.0,28600.0,400854.0,-59978.0,-160029.0
2019.05.28,30000.0,500.0,29550.0,30800.0,29100.0,568311.0,49805.0,-48323.0
2019.05.27,29500.0,350.0,29100.0,29750.0,28950.0,230734.0,-14499.0,17705.0
2019.05.24,29150.0,-450.0,29300.0,29550.0,28850.0,319447.0,-17375.0,-28381.0
2019.05.23,29600.0,50.0,29700.0,30000.0,29250.0,191793.0,-15131.0,12731.0
2019.05.22,29550.0,-200.0,29900.0,30250.0,29350.0,289859.0,-29795.0,-12414.0
2019.05.21,29750.0,-350.0,30000.0,30150.0,29550.0,234798.0,-25998.0,-32224.0
2019.05.20,30100.0,-50.0,30200.0,30750.0,29950.0,251104.0,17274.0,-40428.0
2019.05.17,30150.0,-650.0,30900.0,31100.0,30050.0,291534.0,-1644.0,-68020.0
2019.05.16,30800.0,-300.0,32400.0,32700.0,30600.0,560998.0,11504.0,-135340.0
2019.05.15,31100.0,1050.0,30150.0,31100.0,29850.0,329759.0,16802.0,-26653.0
2019.05.14,30050.0,-700.0,30400.0,30800.0,29700.0,423509.0,-79238.0,-39189.0
2019.05.13,30750.0,-150.0,30600.0,31000.0,30350.0,163851.0,-14204.0,-496.0
2019.05.10,30900.0,0.0,31200.0,31500.0,30150.0,360100.0,-96208.0,36951.0
2019.05.09,30900.0,-1300.0,32200.0,32250.0,30900.0,461648.0,-161983.0,24523.0
2019.05.08,32200.0,-250.0,31600.0,32700.0,31600.0,203547.0,-13393.0,14695.0
2019.05.07,32450.0,-200.0,32000.0,32650.0,31600.0,334407.0,-96308.0,52843.0
2019.05.03,32650.0,-900.0,33250.0,33550.0,32550.0,254686.0,-86596.0,16604.0
2019.05.02,33550.0,150.0,33100.0,33750.0,32200.0,436249.0,-55586.0,27544.0
2019.04.30,33400.0,-1150.0,34750.0,34850.0,32800.0,652408.0,-44976.0,-37161.0
2019.04.29,34550.0,2550.0,32250.0,34600.0,32050.0,671093.0,188551.0,105519.0
2019.04.26,32000.0,-2650.0,34100.0,34100.0,31700.0,1451248.0,-11342.0,-422908.0
2019.04.25,34650.0,-800.0,35150.0,35350.0,34250.0,491108.0,-86492.0,29787.0
2019.04.24,35450.0,-900.0,36350.0,36550.0,34850.0,356607.0,-71335.0,57248.0
2019.04.23,36350.0,250.0,35750.0,36900.0,35450.0,362653.0,-47073.0,57668.0
2019.04.22,36100.0,-650.0,36250.0,37050.0,35650.0,359863.0,-52797.0,88838.0
2019.04.19,36750.0,-200.0,37500.0,37750.0,36150.0,379814.0,59809.0,-73503.0
2019.04.18,36950.0,-150.0,37250.0,39800.0,36450.0,1829473.0,317200.0,-157348.0
2019.04.17,37100.0,2250.0,35100.0,37150.0,34900.0,815180.0,185366.0,66414.0
2019.04.16,34850.0,300.0,34400.0,35450.0,34300.0,467990.0,77033.0,-58385.0
2019.04.15,34550.0,-500.0,35050.0,35700.0,34450.0,470493.0,-61911.0,118032.0
2019.04.12,35050.0,-100.0,35150.0,36300.0,34650.0,874112.0,-49351.0,175938.0
2019.04.11,35150.0,1400.0,34050.0,35300.0,33900.0,1175361.0,301401.0,191425.0
2019.04.10,33750.0,1200.0,32100.0,33950.0,31700.0,787197.0,352069.0,11581.0
2019.04.09,32550.0,650.0,32000.0,32850.0,31650.0,577249.0,186526.0,91326.0
2019.04.08,31900.0,450.0,31650.0,32000.0,31300.0,498218.0,87003.0,42858.0
2019.04.05,31450.0,800.0,30700.0,31500.0,30350.0,521854.0,87395.0,205751.0
2019.04.04,30650.0,550.0,30250.0,30900.0,30100.0,359941.0,45478.0,96082.0
2019.04.03,30100.0,950.0,29100.0,30200.0,29100.0,327873.0,91648.0,52731.0
2019.04.02,29150.0,-200.0,29350.0,29550.0,29050.0,208406.0,-38982.0,45151.0
2019.04.01,29350.0,750.0,28700.0,29450.0,28700.0,283899.0,59407.0,-27546.0
2019.03.29,28600.0,-150.0,28850.0,28900.0,28300.0,187628.0,-16207.0,-43297.0
2019.03.28,28750.0,-250.0,28550.0,29100.0,28550.0,194971.0,-45383.0,10932.0
2019.03.27,29000.0,-300.0,29450.0,29450.0,28750.0,236525.0,-44998.0,-15935.0
2019.03.26,29300.0,450.0,29000.0,29400.0,28850.0,255607.0,-86758.0,72521.0
2019.03.25,28850.0,-1350.0,29750.0,29850.0,28700.0,525142.0,-174290.0,-125964.0
2019.03.22,30200.0,-400.0,30700.0,30800.0,30000.0,357646.0,-95322.0,8613.0
2019.03.21,30600.0,-300.0,30850.0,31150.0,30350.0,282351.0,-85992.0,-35576.0
2019.03.20,30900.0,-350.0,31450.0,31450.0,30500.0,263868.0,-89909.0,3177.0
2019.03.19,31250.0,-400.0,31700.0,31750.0,31100.0,200707.0,15622.0,-46444.0
2019.03.18,31650.0,900.0,30950.0,31650.0,30800.0,335355.0,-36151.0,106284.0
2019.03.15,30750.0,150.0,30650.0,31000.0,30400.0,479057.0,-48405.0,-5740.0
2019.03.14,30600.0,-650.0,31050.0,31400.0,30400.0,487389.0,-139429.0,-28575.0
2019.03.13,31250.0,-50.0,31400.0,31600.0,31000.0,212556.0,-20762.0,20130.0
2019.03.12,31300.0,700.0,30850.0,31550.0,30850.0,318614.0,-9621.0,7643.0
2019.03.11,30600.0,-600.0,31100.0,31100.0,30350.0,331598.0,-39988.0,-57441.0
2019.03.08,31200.0,-450.0,31350.0,31600.0,30750.0,404354.0,7917.0,-79450.0
2019.03.07,31650.0,-1400.0,33100.0,33100.0,31500.0,567841.0,-96060.0,-59275.0
2019.03.06,33050.0,-300.0,33550.0,33900.0,33000.0,231055.0,-3613.0,2168.0
2019.03.05,33350.0,250.0,33000.0,33600.0,32500.0,239960.0,60293.0,-21679.0
2019.03.04,33100.0,300.0,33150.0,33800.0,32650.0,333518.0,-1137.0,42123.0
2019.02.28,32800.0,-1500.0,34200.0,34200.0,32650.0,509205.0,22065.0,-26883.0
2019.02.27,34300.0,750.0,33900.0,34500.0,33550.0,589558.0,58065.0,122546.0
2019.02.26,33550.0,700.0,32750.0,33800.0,32750.0,530160.0,162654.0,21769.0
2019.02.25,32850.0,1400.0,31900.0,32950.0,31750.0,604353.0,60226.0,53997.0
2019.02.22,31450.0,-150.0,31600.0,31800.0,31250.0,152760.0,-7485.0,4382.0
2019.02.21,31600.0,0.0,31650.0,32100.0,31400.0,322396.0,12971.0,-10671.0
2019.02.20,31600.0,750.0,30950.0,31850.0,30900.0,589899.0,73508.0,-42534.0
2019.02.19,30850.0,-400.0,31150.0,31400.0,30550.0,433199.0,-16899.0,-101641.0
2019.02.18,31250.0,-450.0,31550.0,31700.0,30800.0,434986.0,3275.0,-79178.0
2019.02.15,31700.0,-300.0,32050.0,32250.0,31600.0,215059.0,32917.0,-33550.0
2019.02.14,32000.0,-250.0,32250.0,32350.0,31550.0,365380.0,37876.0,-67085.0
2019.02.13,32250.0,250.0,32250.0,32750.0,31800.0,557389.0,241102.0,-111199.0
2019.02.12,32000.0,1250.0,30650.0,32350.0,30650.0,964386.0,183222.0,19468.0
2019.02.11,30750.0,350.0,30400.0,30800.0,30200.0,408759.0,-9059.0,-65455.0
2019.02.08,30400.0,-950.0,31450.0,31450.0,30200.0,688103.0,-150937.0,-123461.0
2019.02.07,31350.0,-500.0,31700.0,31750.0,30850.0,510768.0,-45325.0,-95929.0
2019.02.01,31850.0,-2100.0,32950.0,32950.0,31050.0,1820409.0,-227984.0,-289789.0
2019.01.31,33950.0,750.0,33650.0,34650.0,33550.0,536293.0,71701.0,-34788.0
2019.01.30,33200.0,-300.0,33500.0,33700.0,33000.0,431393.0,21480.0,-124004.0
2019.01.29,33500.0,700.0,33000.0,33750.0,32550.0,567402.0,236774.0,-188034.0
2019.01.28,32800.0,300.0,32950.0,33600.0,32500.0,536881.0,97213.0,-85939.0
2019.01.25,32500.0,0.0,32400.0,32850.0,32150.0,360759.0,25847.0,-32899.0
2019.01.24,32500.0,-650.0,33050.0,33050.0,32400.0,321005.0,36679.0,-78459.0
2019.01.23,33150.0,600.0,32250.0,33300.0,32100.0,409363.0,72008.0,-31240.0
2019.01.22,32550.0,-50.0,32750.0,33600.0,32200.0,570595.0,21666.0,-82910.0
2019.01.21,32600.0,-350.0,33200.0,34400.0,32450.0,992662.0,173466.0,-221585.0
2019.01.18,32950.0,1950.0,31300.0,33000.0,31100.0,929475.0,176533.0,-65644.0
2019.01.17,31000.0,-600.0,31500.0,31550.0,30200.0,571156.0,-10644.0,-108056.0
2019.01.16,31600.0,50.0,31850.0,32150.0,31250.0,403685.0,50722.0,-150957.0
2019.01.15,31550.0,1700.0,29850.0,32000.0,29850.0,930104.0,227634.0,-77315.0
2019.01.14,29850.0,400.0,28900.0,30100.0,28900.0,258012.0,19611.0,-11472.0
2019.01.11,29450.0,-450.0,29900.0,30150.0,29300.0,174309.0,24075.0,-37462.0
2019.01.10,29900.0,300.0,29650.0,30250.0,28300.0,610011.0,77546.0,-52402.0
2019.01.09,29600.0,2300.0,27650.0,30100.0,27650.0,1300472.0,146359.0,359511.0
2019.01.08,27300.0,-2500.0,29400.0,29550.0,27100.0,1139022.0,-265504.0,-298638.0
2019.01.07,29800.0,100.0,29950.0,30350.0,28750.0,430204.0,-47559.0,-92841.0
2019.01.04,29700.0,350.0,29100.0,30150.0,28900.0,360790.0,16646.0,-73259.0
2019.01.03,29350.0,500.0,28850.0,29750.0,28350.0,320378.0,101675.0,-57693.0
2019.01.02,28850.0,-100.0,29050.0,29250.0,28600.0,246212.0,56862.0,-116847.0
2018.12.28,28950.0,0.0,28950.0,29250.0,28750.0,212276.0,-64481.0,25978.0
2018.12.27,28950.0,50.0,29150.0,29500.0,28600.0,287368.0,-62441.0,48942.0
2018.12.26,28900.0,-1550.0,29850.0,30250.0,28600.0,392398.0,-32169.0,113340.0
2018.12.24,30450.0,150.0,30400.0,30850.0,30100.0,226685.0,34065.0,-399.0
2018.12.21,30300.0,-1000.0,31400.0,31500.0,30100.0,252881.0,-38699.0,21998.0
2018.12.20,31300.0,-300.0,31400.0,31800.0,30700.0,289473.0,64820.0,892.0
2018.12.19,31600.0,600.0,31200.0,31800.0,30600.0,484208.0,84576.0,-10874.0
2018.12.18,31000.0,50.0,30800.0,31000.0,30450.0,204861.0,83092.0,-55301.0
2018.12.17,30950.0,800.0,30150.0,31100.0,29700.0,284720.0,131363.0,-38891.0
2018.12.14,30150.0,150.0,30100.0,31200.0,29600.0,422230.0,71037.0,-17101.0
2018.12.13,30000.0,500.0,29500.0,30200.0,29350.0,456505.0,-22160.0,27068.0
2018.12.12,29500.0,900.0,28850.0,30700.0,28800.0,567623.0,313.0,72720.0
2018.12.11,28600.0,0.0,28600.0,28850.0,27900.0,172449.0,48405.0,-29733.0
2018.12.10,28600.0,50.0,28000.0,28600.0,27200.0,337981.0,-60810.0,62669.0
2018.12.07,28550.0,-850.0,29650.0,30150.0,28400.0,395028.0,-112353.0,-24523.0
2018.12.06,29400.0,400.0,29200.0,29750.0,28700.0,297918.0,-16032.0,89282.0
2018.12.05,29000.0,-1250.0,29800.0,29900.0,28650.0,480665.0,-103715.0,-47769.0
2018.12.04,30250.0,-750.0,31300.0,31450.0,30000.0,315135.0,-46941.0,1307.0
2018.12.03,31000.0,1200.0,30250.0,31100.0,30200.0,349705.0,88464.0,-12457.0
2018.11.30,29800.0,750.0,29050.0,30250.0,29000.0,411466.0,98676.0,12357.0
2018.11.29,29050.0,-350.0,29600.0,30650.0,28900.0,352552.0,-45798.0,63039.0
2018.11.28,29400.0,150.0,29350.0,29900.0,28750.0,343662.0,61127.0,928.0
2018.11.27,29250.0,2200.0,27200.0,29450.0,27200.0,849052.0,247663.0,46372.0
2018.11.26,27050.0,400.0,26550.0,27450.0,26550.0,299579.0,62997.0,-18442.0
2018.11.23,26650.0,50.0,26550.0,26900.0,26200.0,400585.0,-25745.0,5397.0
2018.11.22,26600.0,-2250.0,28800.0,28800.0,26450.0,780605.0,-308103.0,-71009.0
2018.11.21,28850.0,650.0,27850.0,28850.0,27250.0,382344.0,85115.0,-48927.0
2018.11.20,28200.0,-2000.0,30050.0,30200.0,27950.0,720993.0,-205046.0,-110630.0
2018.11.19,30200.0,-350.0,30400.0,30750.0,29900.0,241200.0,9290.0,15250.0
2018.11.16,30550.0,200.0,30150.0,30950.0,30050.0,168828.0,21396.0,-1668.0
2018.11.15,30350.0,850.0,29800.0,30650.0,29650.0,308202.0,30132.0,-168.0
2018.11.14,29500.0,-600.0,30150.0,30500.0,29250.0,180712.0,-2740.0,-24654.0
2018.11.13,30100.0,1100.0,28900.0,30400.0,28500.0,299987.0,110180.0,-44291.0
2018.11.12,29000.0,-1350.0,30350.0,30350.0,28600.0,399448.0,-135855.0,30056.0
2018.11.09,30350.0,-50.0,30600.0,31300.0,29800.0,343272.0,-86271.0,66253.0
2018.11.08,30400.0,-800.0,31550.0,32100.0,30100.0,323604.0,-142935.0,66253.0
2018.11.07,31200.0,-1250.0,32200.0,32200.0,31100.0,282386.0,-30048.0,-85.0
2018.11.06,32450.0,450.0,31850.0,32500.0,31650.0,217002.0,-2922.0,38181.0
2018.11.05,32000.0,-600.0,32000.0,32250.0,31450.0,305804.0,-31081.0,26361.0
2018.11.02,32600.0,650.0,32150.0,32650.0,32050.0,389851.0,-52657.0,127431.0
2018.11.01,31950.0,1400.0,30750.0,32250.0,30000.0,640763.0,132477.0,12836.0
2018.10.31,30550.0,-300.0,30600.0,30700.0,29500.0,668176.0,-135574.0,86592.0
2018.10.30,30850.0,3300.0,28700.0,31100.0,28100.0,1438355.0,294713.0,48514.0
2018.10.29,27550.0,-1100.0,28650.0,29550.0,27450.0,463918.0,102181.0,-96479.0
2018.10.26,28650.0,50.0,28150.0,29750.0,27600.0,389800.0,113754.0,-14639.0
2018.10.25,28600.0,-850.0,28700.0,29650.0,26650.0,659882.0,178806.0,-142760.0
2018.10.24,29450.0,1850.0,27850.0,29500.0,27800.0,493793.0,147891.0,55405.0
2018.10.23,27600.0,-2050.0,29300.0,29600.0,27350.0,536177.0,-81088.0,-98269.0
2018.10.22,29650.0,1700.0,27950.0,29750.0,27600.0,517255.0,192470.0,-129194.0
2018.10.19,27950.0,-600.0,28150.0,28400.0,27450.0,366837.0,65314.0,-105250.0
2018.10.18,28550.0,-1000.0,29300.0,29950.0,28250.0,542334.0,223020.0,-235883.0
2018.10.17,29550.0,1200.0,28450.0,29750.0,28250.0,402036.0,195998.0,-137409.0
2018.10.16,28350.0,1800.0,26650.0,29000.0,26650.0,552957.0,180513.0,-53167.0
2018.10.15,26550.0,-350.0,26900.0,27700.0,26250.0,372252.0,12681.0,-43070.0
2018.10.12,26900.0,-100.0,26900.0,27350.0,26550.0,444292.0,-34933.0,-34868.0
2018.10.11,27000.0,-1100.0,26700.0,27450.0,26650.0,635022.0,69710.0,571.0
2018.10.10,28100.0,-1800.0,29700.0,30150.0,27950.0,484854.0,-115268.0,38100.0
2018.10.08,29900.0,-50.0,29950.0,30150.0,29600.0,231192.0,-21649.0,-26023.0
2018.10.05,29950.0,350.0,29650.0,30300.0,29200.0,427234.0,-7592.0,8759.0
2018.10.04,29600.0,-2950.0,32350.0,32500.0,29500.0,942866.0,-185055.0,-63349.0
2018.10.02,32550.0,-1000.0,33550.0,33600.0,32400.0,381719.0,-101438.0,-39389.0
2018.10.01,33550.0,-950.0,34400.0,34700.0,33400.0,422211.0,-63963.0,-62791.0
2018.09.28,34500.0,-800.0,35200.0,35400.0,34100.0,375049.0,11443.0,-71845.0
2018.09.27,35300.0,650.0,34700.0,35400.0,34700.0,417608.0,7816.0,31556.0
2018.09.21,34650.0,600.0,34300.0,34900.0,33750.0,365197.0,112367.0,-48315.0
2018.09.20,34050.0,50.0,34000.0,34150.0,33700.0,393186.0,34138.0,-67034.0
2018.09.19,34000.0,-200.0,34200.0,34400.0,33700.0,278671.0,73637.0,-83824.0
2018.09.18,34200.0,100.0,33850.0,34350.0,33350.0,354282.0,25923.0,-46568.0
2018.09.17,34100.0,0.0,34350.0,34650.0,33900.0,240661.0,47427.0,-58168.0
2018.09.14,34100.0,750.0,33400.0,34400.0,33400.0,377455.0,32705.0,3668.0
2018.09.13,33350.0,-850.0,34250.0,34250.0,33150.0,476181.0,-62137.0,-127615.0
2018.09.12,34200.0,-500.0,34800.0,35150.0,33850.0,470691.0,-114462.0,-20862.0
2018.09.11,34700.0,-1850.0,36700.0,36750.0,34600.0,902967.0,-311402.0,-182658.0
2018.09.10,36550.0,150.0,36100.0,36950.0,36100.0,287300.0,29591.0,33269.0
2018.09.07,36400.0,100.0,36700.0,37250.0,36200.0,326203.0,113555.0,-87392.0
2018.09.06,36300.0,1000.0,35350.0,36900.0,35200.0,655113.0,206635.0,-54029.0
2018.09.05,35300.0,50.0,35250.0,36100.0,35200.0,365572.0,54759.0,-53752.0
2018.09.04,35250.0,50.0,35400.0,35550.0,34700.0,286320.0,-42920.0,-40156.0
2018.09.03,35200.0,-550.0,35750.0,36050.0,34850.0,367874.0,-134037.0,-34828.0
2018.08.31,35750.0,-50.0,35800.0,36200.0,35400.0,426193.0,-61944.0,-81562.0
2018.08.30,35800.0,-1150.0,36900.0,37100.0,35600.0,535743.0,-184448.0,-122384.0
2018.08.29,36950.0,-600.0,37550.0,37750.0,36700.0,217214.0,-45782.0,-23998.0
2018.08.28,37550.0,1000.0,36950.0,37900.0,36950.0,398236.0,114968.0,-8298.0
2018.08.27,36550.0,100.0,36600.0,36850.0,36400.0,176464.0,-12591.0,-26250.0
2018.08.24,36450.0,50.0,36150.0,36950.0,36150.0,210602.0,-17212.0,-34125.0
2018.08.23,36400.0,-600.0,37150.0,37300.0,36050.0,301946.0,-96760.0,-34944.0
2018.08.22,37000.0,-950.0,37850.0,37850.0,36900.0,382454.0,24924.0,-125334.0
2018.08.21,37950.0,150.0,37600.0,38300.0,37600.0,138598.0,19330.0,-21434.0
2018.08.20,37800.0,350.0,37600.0,38600.0,37550.0,236722.0,11091.0,-6723.0
2018.08.17,37450.0,-300.0,37800.0,38350.0,37300.0,146106.0,3243.0,-9196.0
2018.08.16,37750.0,500.0,37000.0,37750.0,36550.0,161933.0,-10114.0,5089.0
2018.08.14,37250.0,-250.0,37900.0,37900.0,36700.0,154798.0,-41751.0,17781.0
2018.08.13,37500.0,-900.0,37800.0,38750.0,36750.0,225081.0,-45711.0,27786.0
2018.08.10,38400.0,-750.0,38900.0,39150.0,38250.0,194323.0,-69100.0,-5929.0
2018.08.09,39150.0,-450.0,39300.0,39500.0,38900.0,258121.0,-59105.0,38100.0
2018.08.08,39600.0,300.0,39450.0,40100.0,39400.0,180995.0,-40247.0,63055.0
2018.08.07,39300.0,-150.0,39550.0,39700.0,39000.0,155303.0,16045.0,-30902.0
2018.08.06,39450.0,300.0,39500.0,40550.0,39200.0,384812.0,75298.0,-63714.0
2018.08.03,39150.0,-250.0,39450.0,39500.0,38350.0,332553.0,-79152.0,40765.0
2018.08.02,39400.0,-1700.0,41150.0,41150.0,39000.0,387022.0,-74640.0,-72774.0
2018.08.01,41100.0,-800.0,42300.0,42450.0,41050.0,199717.0,-7051.0,-19988.0
2018.07.31,41900.0,650.0,41000.0,42050.0,40550.0,232516.0,39942.0,-5957.0
2018.07.30,41250.0,-450.0,41500.0,41500.0,40150.0,420482.0,-5755.0,-28884.0
2018.07.27,41700.0,1900.0,40350.0,43450.0,40350.0,1172103.0,149586.0,35356.0
2018.07.26,39800.0,-50.0,40000.0,40450.0,38700.0,390310.0,45749.0,-91256.0
2018.07.25,39850.0,150.0,39800.0,40600.0,39250.0,197332.0,1375.0,15390.0
2018.07.24,39700.0,-2150.0,42250.0,42250.0,39100.0,828162.0,-121681.0,-54841.0
2018.07.23,41850.0,900.0,41000.0,42550.0,40950.0,515662.0,170456.0,18628.0
2018.07.20,40950.0,1300.0,39600.0,41150.0,38950.0,436496.0,623.0,-3628.0
2018.07.19,39650.0,-500.0,40150.0,41800.0,39450.0,256996.0,52642.0,-74672.0
2018.07.18,40150.0,-750.0,40550.0,41000.0,39800.0,194031.0,6387.0,7677.0
2018.07.17,40900.0,-500.0,41100.0,41900.0,40350.0,220680.0,35969.0,-54179.0
2018.07.16,41400.0,1350.0,39750.0,42200.0,39650.0,499018.0,92836.0,19327.0
2018.07.13,40050.0,600.0,39450.0,40400.0,38700.0,279617.0,108677.0,-61856.0
2018.07.12,39450.0,450.0,39000.0,40150.0,38850.0,289865.0,131908.0,-109072.0
2018.07.11,39000.0,100.0,38250.0,39450.0,38250.0,321072.0,79169.0,-88816.0
2018.07.10,38900.0,-1300.0,40200.0,41000.0,38550.0,384533.0,39194.0,-30062.0
2018.07.09,40200.0,1600.0,38750.0,40400.0,38100.0,415988.0,139201.0,-20670.0
2018.07.06,38600.0,3000.0,35650.0,39200.0,35650.0,910533.0,212932.0,9333.0
2018.07.05,35600.0,1450.0,35000.0,35800.0,34400.0,590534.0,-44998.0,82156.0
2018.07.04,34150.0,-2500.0,36600.0,36800.0,34100.0,561257.0,-205095.0,-29276.0
2018.07.03,36650.0,-1450.0,38100.0,39100.0,35900.0,394917.0,-26847.0,-61470.0
2018.07.02,38100.0,-300.0,38400.0,38500.0,37750.0,225802.0,79557.0,-93211.0
2018.06.29,38400.0,800.0,38000.0,38550.0,37350.0,392898.0,98649.0,-93918.0
2018.06.28,37600.0,500.0,37250.0,38450.0,36850.0,484685.0,158801.0,-142186.0
2018.06.27,37100.0,-1100.0,37800.0,38750.0,37000.0,479635.0,226342.0,-231801.0
2018.06.26,38200.0,750.0,36850.0,38700.0,36850.0,495398.0,193993.0,-88064.0
2018.06.25,37450.0,950.0,36150.0,37800.0,36150.0,411542.0,106756.0,-38412.0
2018.06.22,36500.0,-1100.0,37100.0,37550.0,35500.0,927070.0,-37440.0,-147182.0
2018.06.21,37600.0,-750.0,38200.0,38600.0,37150.0,537768.0,199632.0,-233259.0
2018.06.20,38350.0,200.0,38350.0,38900.0,37750.0,393374.0,157509.0,-166218.0
2018.06.19,38150.0,-700.0,39100.0,40050.0,38050.0,439921.0,113571.0,-144517.0
2018.06.18,38850.0,-500.0,39300.0,40300.0,38700.0,603052.0,156635.0,-100816.0
2018.06.15,39350.0,1600.0,38200.0,40900.0,38050.0,1228644.0,482328.0,-308506.0
2018.06.14,37750.0,-200.0,38150.0,38450.0,37600.0,590473.0,36241.0,-164668.0
2018.06.12,37950.0,-1350.0,39200.0,39250.0,37800.0,707830.0,-123481.0,-245772.0
2018.06.11,39300.0,-1100.0,40200.0,40900.0,39150.0,422289.0,-79247.0,-41476.0
2018.06.08,40400.0,-2350.0,42750.0,42750.0,40350.0,453623.0,-82559.0,-58739.0
2018.06.07,42750.0,1350.0,41150.0,42950.0,40800.0,389599.0,126466.0,-80495.0
2018.06.05,41400.0,-1600.0,43000.0,43000.0,41200.0,400556.0,46406.0,-107025.0
2018.06.04,43000.0,2200.0,40950.0,43400.0,40950.0,832347.0,194504.0,-196118.0
2018.06.01,40800.0,2350.0,38900.0,41500.0,38700.0,623473.0,163321.0,-78852.0
2018.05.31,38450.0,-1300.0,39900.0,40450.0,38150.0,634059.0,40441.0,-164188.0
2018.05.30,39750.0,-1200.0,40850.0,41050.0,39500.0,289553.0,-20729.0,-72876.0
2018.05.29,40950.0,-50.0,40750.0,41950.0,40750.0,304010.0,62971.0,-65238.0
2018.05.28,41000.0,600.0,40800.0,41850.0,40700.0,380684.0,-87046.0,25708.0
2018.05.25,40400.0,-2000.0,42400.0,42400.0,40050.0,582775.0,-137231.0,-103020.0
2018.05.24,42400.0,-1600.0,44550.0,44650.0,42250.0,406852.0,-118291.0,-56361.0
2018.05.23,44000.0,-1850.0,45200.0,46350.0,43950.0,364721.0,-83448.0,10493.0
2018.05.21,45850.0,-1700.0,47550.0,47900.0,45000.0,265171.0,-71095.0,29817.0
2018.05.18,47550.0,1000.0,46300.0,48100.0,45450.0,427400.0,36671.0,77536.0
2018.05.17,46550.0,2450.0,43750.0,46600.0,43750.0,402992.0,113406.0,52120.0
2018.05.16,44100.0,2350.0,41650.0,44350.0,41050.0,462180.0,118516.0,1437.0
2018.05.15,41750.0,-900.0,42700.0,43150.0,41650.0,322932.0,-119401.0,47276.0
2018.05.14,42650.0,-1250.0,43900.0,44000.0,42600.0,195496.0,-49187.0,-12350.0
2018.05.11,43900.0,400.0,43950.0,44250.0,43050.0,460404.0,-93071.0,60699.0
2018.05.10,43500.0,-1700.0,44600.0,44750.0,43400.0,282573.0,1356.0,-84636.0
2018.05.09,45200.0,-50.0,45050.0,45500.0,43500.0,254620.0,-27210.0,6951.0
2018.05.08,45250.0,-150.0,45300.0,45750.0,44650.0,215006.0,29160.0,-14851.0
2018.04.30,227000.0,3500.0,220500.0,227000.0,220500.0,76116.0,3904.0,951.0
2018.04.27,223500.0,7000.0,215000.0,225000.0,209000.0,131094.0,18294.0,-11964.0
2018.04.26,216500.0,5000.0,210500.0,220000.0,210500.0,108750.0,-32014.0,36998.0
2018.04.25,211500.0,-15500.0,226500.0,227000.0,211000.0,112510.0,-26699.0,-22817.0
2018.04.24,227000.0,-2500.0,232000.0,232000.0,226000.0,32123.0,1751.0,-6112.0
2018.04.23,229500.0,3500.0,227000.0,229500.0,223500.0,27508.0,-2431.0,2978.0
2018.04.20,226000.0,-3500.0,230000.0,231000.0,225500.0,62159.0,-22044.0,2074.0
2018.04.19,229500.0,-500.0,231000.0,235500.0,228500.0,55022.0,-7100.0,6985.0
2018.04.18,230000.0,500.0,230500.0,232500.0,229000.0,57256.0,-3541.0,-3507.0
2018.04.17,229500.0,500.0,230500.0,233500.0,229500.0,31609.0,166.0,-5748.0
2018.04.16,229000.0,1000.0,231000.0,234500.0,228500.0,39611.0,-1183.0,3.0
2018.04.13,228000.0,-5000.0,233000.0,233000.0,227000.0,58719.0,648.0,-25123.0
2018.04.12,233000.0,-2000.0,232500.0,238000.0,232500.0,38236.0,2301.0,-6220.0
2018.04.11,235000.0,-3000.0,236500.0,237000.0,234000.0,75864.0,-1720.0,-5381.0
2018.04.10,238000.0,2000.0,238000.0,241000.0,235000.0,34725.0,-315.0,-5572.0
2018.04.09,236000.0,-3500.0,238500.0,240000.0,233500.0,34800.0,-4622.0,-7843.0
2018.04.06,239500.0,-3000.0,243500.0,244500.0,238500.0,61858.0,5373.0,-8501.0
2018.04.05,242500.0,-4500.0,251500.0,251500.0,240500.0,65683.0,1398.0,-6755.0
2018.04.04,247000.0,10500.0,238000.0,248500.0,238000.0,69193.0,9532.0,12418.0
2018.04.03,236500.0,-9000.0,244000.0,252000.0,236000.0,76775.0,17263.0,-19080.0
2018.04.02,245500.0,13500.0,232000.0,248500.0,232000.0,109733.0,4261.0,53600.0
2018.03.30,232000.0,1500.0,234500.0,235500.0,230000.0,49235.0,-12263.0,8320.0
2018.03.29,230500.0,-7000.0,237000.0,239500.0,230000.0,145558.0,353.0,-7814.0
2018.03.28,237500.0,-7000.0,242000.0,242500.0,234500.0,104932.0,29926.0,-50927.0
2018.03.27,244500.0,9500.0,239000.0,246500.0,234500.0,69722.0,6702.0,5614.0
2018.03.26,235000.0,5500.0,227500.0,237500.0,227500.0,70527.0,16687.0,-8442.0
2018.03.23,229500.0,-10000.0,235000.0,237500.0,229000.0,70409.0,9762.0,-25042.0
2018.03.22,239500.0,11500.0,228500.0,244000.0,228500.0,142157.0,53896.0,-19486.0
2018.03.21,228000.0,500.0,227000.0,232000.0,227000.0,32235.0,-365.0,4580.0
2018.03.20,227500.0,-1000.0,225500.0,228500.0,218500.0,80701.0,8017.0,-17178.0
2018.03.19,228500.0,-1000.0,228000.0,231000.0,223500.0,48829.0,777.0,-1099.0
2018.03.16,229500.0,500.0,229500.0,233000.0,228500.0,36515.0,-2772.0,665.0
2018.03.15,229000.0,-2500.0,232500.0,232500.0,225500.0,52858.0,-19773.0,1737.0
2018.03.14,231500.0,1500.0,230500.0,235000.0,227000.0,77903.0,-19578.0,3330.0
2018.03.13,230000.0,-4000.0,234500.0,236000.0,229000.0,58497.0,-26700.0,6052.0
2018.03.12,234000.0,-1000.0,236500.0,239000.0,233500.0,43602.0,-13327.0,4422.0
2018.03.09,235000.0,6000.0,230500.0,236000.0,229500.0,64691.0,-495.0,2595.0
2018.03.08,229000.0,0.0,231500.0,231500.0,227500.0,66516.0,-28187.0,15524.0
2018.03.07,229000.0,-7500.0,234500.0,235500.0,226000.0,104833.0,-38252.0,14049.0
2018.03.06,236500.0,-3000.0,238500.0,243500.0,236000.0,36324.0,-8409.0,3366.0
2018.03.05,239500.0,-2500.0,240000.0,244500.0,238500.0,28377.0,-2312.0,3693.0
2018.03.02,242000.0,-15500.0,255000.0,257000.0,242000.0,75052.0,-6945.0,-5640.0
2018.02.28,257500.0,3000.0,255000.0,257500.0,250500.0,49533.0,-8197.0,17625.0
2018.02.27,254500.0,2000.0,250000.0,257500.0,250000.0,47619.0,-4567.0,23160.0
2018.02.26,252500.0,2000.0,251500.0,253000.0,248000.0,38557.0,-1664.0,7913.0
2018.02.23,250500.0,3000.0,249500.0,251000.0,246500.0,45526.0,-2560.0,22064.0
2018.02.22,247500.0,4000.0,244000.0,248500.0,240500.0,74953.0,-7601.0,16684.0
2018.02.21,243500.0,9000.0,235500.0,245000.0,235500.0,71040.0,2807.0,1589.0
2018.02.20,234500.0,-5000.0,239500.0,241500.0,233500.0,37959.0,-2507.0,6122.0
2018.02.19,239500.0,4000.0,240000.0,243500.0,238000.0,61618.0,6095.0,-1256.0
2018.02.14,235500.0,7500.0,229000.0,237000.0,229000.0,88260.0,22078.0,-14689.0
2018.02.13,228000.0,3000.0,228000.0,239500.0,227000.0,197610.0,28329.0,-7345.0
2018.02.12,225000.0,-500.0,227000.0,230000.0,221500.0,81283.0,6184.0,-4239.0
2018.02.09,225500.0,-5500.0,226000.0,233000.0,221500.0,129177.0,12073.0,-10062.0
2018.02.08,231000.0,-3000.0,231500.0,237000.0,229000.0,196871.0,10590.0,-26754.0
2018.02.07,234000.0,-52000.0,271000.0,272000.0,228000.0,657625.0,26267.0,-233401.0
2018.02.06,286000.0,9500.0,278500.0,290500.0,272500.0,110120.0,11920.0,-13137.0
2018.02.05,276500.0,-11500.0,290500.0,294500.0,275500.0,74786.0,19516.0,-26425.0
2018.02.02,288000.0,11500.0,275000.0,295500.0,274500.0,119742.0,43093.0,6524.0
2018.02.01,276500.0,-1000.0,278500.0,278500.0,271500.0,101808.0,-278.0,-2136.0
2018.01.31,277500.0,2000.0,276000.0,277500.0,270500.0,55757.0,1745.0,-3921.0
2018.01.30,275500.0,2000.0,275500.0,278000.0,274000.0,47194.0,14392.0,-13138.0
2018.01.29,273500.0,-1500.0,275000.0,276000.0,271500.0,55971.0,-8373.0,-2029.0
2018.01.26,275000.0,-18000.0,289500.0,290000.0,271500.0,132386.0,-12212.0,-28314.0
2018.01.25,293000.0,7000.0,285500.0,297000.0,285500.0,143696.0,27843.0,-13430.0
2018.01.24,286000.0,-500.0,286500.0,291500.0,284000.0,80385.0,337.0,-850.0
2018.01.23,286500.0,-2000.0,289500.0,289500.0,282500.0,60998.0,23116.0,-22685.0
2018.01.22,288500.0,6000.0,282500.0,291000.0,282500.0,75792.0,21986.0,-14438.0
2018.01.19,282500.0,6000.0,276500.0,288000.0,275000.0,65080.0,25917.0,-8424.0
2018.01.18,276500.0,1500.0,275000.0,279500.0,272000.0,44968.0,1154.0,-1855.0
2018.01.17,275000.0,-4000.0,276000.0,281000.0,273500.0,35111.0,-5963.0,-2302.0
2018.01.16,279000.0,0.0,277500.0,280500.0,272500.0,46625.0,6909.0,-11544.0
2018.01.15,279000.0,9500.0,271000.0,279500.0,263000.0,89217.0,12193.0,-3460.0
2018.01.12,269500.0,-6500.0,276000.0,280000.0,269000.0,72205.0,-3305.0,-15135.0
2018.01.11,276000.0,-10500.0,286000.0,286000.0,276000.0,77445.0,1933.0,-22290.0
2018.01.10,286500.0,2500.0,283500.0,288000.0,281000.0,96998.0,3100.0,-13891.0
2018.01.09,284000.0,-8500.0,291500.0,292500.0,283000.0,70250.0,-5816.0,-9234.0
2018.01.08,292500.0,-2500.0,295000.0,299500.0,292000.0,55258.0,-9286.0,1202.0
2018.01.05,295000.0,-2500.0,301500.0,301500.0,293000.0,45595.0,384.0,-4870.0
2018.01.04,297500.0,-11500.0,308500.0,312000.0,295000.0,58735.0,-6878.0,-6824.0
2018.01.03,309000.0,2000.0,304000.0,314000.0,304000.0,31580.0,6601.0,-2891.0
2018.01.02,307000.0,-1500.0,313000.0,314000.0,306500.0,18492.0,-2515.0,1129.0
2017.12.28,308500.0,-1500.0,310000.0,312500.0,307500.0,11827.0,713.0,-1422.0
2017.12.27,310000.0,-2000.0,300000.0,313500.0,299000.0,22904.0,5567.0,-4048.0
2017.12.26,312000.0,7000.0,305000.0,313000.0,303500.0,19771.0,10992.0,-8008.0
2017.12.22,305000.0,0.0,307000.0,307500.0,301500.0,14815.0,5291.0,-3077.0
2017.12.21,305000.0,4000.0,301000.0,308000.0,300000.0,28352.0,-1553.0,2202.0
2017.12.20,301000.0,-1000.0,300000.0,311500.0,300000.0,47833.0,5879.0,-3107.0
2017.12.19,302000.0,-5500.0,304500.0,307500.0,301000.0,40131.0,-6220.0,456.0
2017.12.18,307500.0,-3000.0,310000.0,315000.0,306000.0,21740.0,-1873.0,2652.0
2017.12.15,310500.0,7000.0,303000.0,310500.0,299500.0,42043.0,-812.0,3276.0
2017.12.14,303500.0,-4500.0,312000.0,312500.0,303500.0,63576.0,-5502.0,1737.0
2017.12.13,308000.0,3000.0,305500.0,311500.0,305500.0,24893.0,6343.0,-3964.0
2017.12.12,305000.0,1500.0,304000.0,312000.0,303500.0,45941.0,6198.0,-5353.0
2017.12.11,303500.0,-13500.0,312000.0,315500.0,295500.0,89422.0,77.0,-11588.0
2017.12.08,317000.0,-7500.0,322500.0,329000.0,315000.0,40109.0,-2511.0,-2525.0
2017.12.07,324500.0,-11000.0,335500.0,335500.0,323000.0,52581.0,6037.0,-11105.0
2017.12.06,335500.0,-4000.0,340500.0,344000.0,334000.0,41962.0,-237.0,2843.0
2017.12.05,339500.0,13500.0,326000.0,344500.0,326000.0,47738.0,4902.0,2661.0
2017.12.04,326000.0,-5000.0,329000.0,330000.0,322000.0,43650.0,5884.0,-7106.0
2017.12.01,331000.0,500.0,330500.0,333000.0,322000.0,25050.0,1420.0,-636.0
2017.11.30,330500.0,10500.0,325000.0,337000.0,321500.0,49132.0,1872.0,51.0
2017.11.29,320000.0,-1500.0,321500.0,325500.0,318000.0,21368.0,-628.0,588.0
2017.11.28,321500.0,-500.0,324000.0,326500.0,316000.0,48056.0,3725.0,-5905.0
2017.11.27,322000.0,1000.0,321500.0,325000.0,319500.0,38119.0,8755.0,-8850.0
2017.11.24,321000.0,-3000.0,324000.0,326500.0,318500.0,28966.0,10011.0,-9354.0
2017.11.23,324000.0,500.0,324000.0,332000.0,323000.0,25294.0,-343.0,635.0
2017.11.22,323500.0,7500.0,318500.0,326500.0,318500.0,31855.0,-2670.0,6595.0
2017.11.21,316000.0,2500.0,313500.0,320000.0,313500.0,25455.0,2602.0,2988.0
2017.11.20,313500.0,-2500.0,324000.0,324000.0,312500.0,41135.0,-6595.0,11180.0
2017.11.17,316000.0,0.0,318000.0,326500.0,316000.0,30293.0,-3205.0,2823.0
2017.11.16,316000.0,-1500.0,317500.0,319500.0,313000.0,27308.0,280.0,346.0
2017.11.15,317500.0,-1500.0,319000.0,323500.0,314500.0,43458.0,6652.0,-5230.0
2017.11.14,319000.0,500.0,318500.0,322000.0,314000.0,30441.0,3322.0,-1930.0
2017.11.13,318500.0,4000.0,313500.0,325500.0,313500.0,60409.0,-1931.0,4627.0
2017.11.10,314500.0,-4500.0,318500.0,319500.0,308500.0,101243.0,-6588.0,8199.0
2017.11.09,319000.0,17500.0,301500.0,319000.0,301500.0,91969.0,-3255.0,24360.0
2017.11.08,301500.0,-15500.0,314000.0,321500.0,292000.0,148197.0,-44287.0,32625.0
2017.11.07,317000.0,-4500.0,316500.0,322000.0,314500.0,31865.0,-3583.0,1069.0
2017.11.06,321500.0,-3000.0,320500.0,323500.0,315500.0,45122.0,-2924.0,-681.0
2017.11.03,324500.0,5000.0,323500.0,326000.0,316500.0,46417.0,-4313.0,8911.0
2017.11.02,319500.0,1500.0,321500.0,327500.0,316000.0,63607.0,-6583.0,9106.0
2017.11.01,318000.0,-8500.0,319000.0,325500.0,316000.0,52969.0,-21741.0,12499.0
2017.10.31,326500.0,6500.0,323000.0,334000.0,320000.0,125571.0,-17184.0,18687.0
2017.10.30,320000.0,9000.0,326500.0,330000.0,315500.0,134795.0,-18847.0,45896.0
2017.10.27,311000.0,-12000.0,315000.0,319000.0,307500.0,61594.0,-2148.0,-8294.0
2017.10.26,323000.0,22500.0,300500.0,323000.0,298500.0,90878.0,-760.0,15560.0
2017.10.25,300500.0,-6000.0,306500.0,311000.0,300500.0,63737.0,-5477.0,4994.0
2017.10.24,306500.0,-6000.0,312500.0,315500.0,305500.0,78154.0,-6557.0,-4993.0
2017.10.23,312500.0,15000.0,297500.0,313000.0,292000.0,107695.0,17328.0,-5248.0
2017.10.20,297500.0,4000.0,293000.0,298500.0,287000.0,73527.0,-2488.0,6137.0
2017.10.19,293500.0,-4000.0,299500.0,307500.0,292000.0,103188.0,2685.0,-1079.0
2017.10.18,297500.0,31500.0,269500.0,302000.0,269500.0,144174.0,-7495.0,33907.0
2017.10.17,266000.0,-5000.0,267500.0,271000.0,263500.0,29733.0,-7254.0,7108.0
2017.10.16,271000.0,2000.0,273500.0,273500.0,267000.0,30239.0,4102.0,1865.0
2017.10.13,269000.0,-2000.0,267500.0,273000.0,263500.0,26767.0,793.0,2971.0
2017.10.12,271000.0,500.0,268000.0,271500.0,263500.0,35132.0,-4757.0,13359.0
2017.10.11,270500.0,1000.0,268000.0,273000.0,267500.0,36891.0,-7688.0,15060.0
2017.10.10,269500.0,15000.0,258000.0,270500.0,255000.0,142808.0,-3448.0,55850.0
2017.09.29,254500.0,-500.0,256000.0,259000.0,252000.0,41286.0,-5409.0,5034.0
2017.09.28,255000.0,500.0,251000.0,257000.0,245000.0,41647.0,4077.0,668.0
2017.09.27,254500.0,-1000.0,254000.0,255500.0,251000.0,19864.0,6121.0,-3191.0
2017.09.26,255500.0,15500.0,243500.0,259000.0,240500.0,87010.0,31878.0,13119.0
2017.09.25,240000.0,3500.0,239000.0,242500.0,235000.0,24336.0,5620.0,415.0
2017.09.22,236500.0,-4500.0,240000.0,241000.0,234500.0,40490.0,-741.0,-2109.0
2017.09.21,241000.0,-2000.0,241000.0,244000.0,239500.0,55058.0,-6676.0,7139.0
2017.09.20,243000.0,500.0,244000.0,245000.0,240500.0,33088.0,10866.0,-6563.0
2017.09.19,242500.0,6000.0,235500.0,244000.0,235500.0,47320.0,3740.0,5640.0
2017.09.18,236500.0,3000.0,233000.0,241000.0,233000.0,33961.0,9949.0,1857.0
2017.09.15,233500.0,4500.0,230500.0,236000.0,227000.0,35019.0,-630.0,4053.0
2017.09.14,229000.0,-1000.0,228000.0,232000.0,227500.0,41478.0,2930.0,-4796.0
2017.09.13,230000.0,0.0,232500.0,232500.0,227000.0,42619.0,-1994.0,-1959.0
2017.09.12,230000.0,4500.0,226000.0,232500.0,225500.0,52198.0,-1967.0,6033.0
2017.09.11,225500.0,-3500.0,229000.0,231500.0,224000.0,65622.0,-25963.0,11046.0
2017.09.08,229000.0,-9500.0,236500.0,238000.0,228000.0,105877.0,-43206.0,10664.0
2017.09.07,238500.0,2500.0,238500.0,241500.0,236000.0,52345.0,3717.0,-10900.0
2017.09.06,236000.0,-2500.0,238500.0,242000.0,233500.0,58808.0,-5895.0,2003.0
2017.09.05,238500.0,500.0,239500.0,242000.0,238500.0,33916.0,7002.0,-8607.0
2017.09.04,238000.0,-2000.0,232000.0,243000.0,232000.0,21654.0,5975.0,-5505.0
2017.09.01,240000.0,500.0,240000.0,245500.0,239500.0,38251.0,1503.0,-4976.0
2017.08.31,239500.0,-7000.0,246000.0,246000.0,238500.0,58233.0,-4826.0,-4354.0
2017.08.30,246500.0,-8500.0,257000.0,257000.0,242000.0,128425.0,13472.0,-30005.0
2017.08.29,255000.0,-1500.0,257000.0,258500.0,253000.0,23337.0,3992.0,-2841.0
2017.08.28,256500.0,1500.0,257000.0,262000.0,255000.0,21739.0,5941.0,-4838.0
2017.08.25,255000.0,-2500.0,256500.0,259000.0,254000.0,15380.0,3230.0,-3543.0
2017.08.24,257500.0,5500.0,251000.0,258000.0,250000.0,46208.0,22752.0,-12247.0
2017.08.23,252000.0,2000.0,250000.0,253000.0,248000.0,24218.0,10655.0,-9533.0
2017.08.22,250000.0,-2000.0,252000.0,254000.0,249000.0,14721.0,806.0,-2937.0
2017.08.21,252000.0,2000.0,247000.0,253000.0,247000.0,25047.0,326.0,-1063.0
2017.08.18,250000.0,-1000.0,248000.0,253000.0,248000.0,33615.0,-1672.0,-1235.0
2017.08.17,251000.0,-4000.0,254500.0,257000.0,250000.0,45841.0,2332.0,-14371.0
2017.08.16,255000.0,-4500.0,262000.0,262500.0,253500.0,57971.0,-8592.0,-4465.0
2017.08.14,259500.0,-8000.0,268000.0,268000.0,256500.0,58799.0,8968.0,-17200.0
2017.08.11,267500.0,-1000.0,267000.0,269500.0,262500.0,31437.0,12235.0,-8174.0
2017.08.10,268500.0,2500.0,264500.0,272000.0,260000.0,74804.0,29512.0,-19208.0
2017.08.09,266000.0,8500.0,253500.0,266500.0,253500.0,52291.0,28382.0,-7607.0
2017.08.08,257500.0,3500.0,254000.0,259000.0,252000.0,44856.0,8389.0,-6633.0
2017.08.07,254000.0,-3000.0,257000.0,261000.0,253000.0,31050.0,-1676.0,-1337.0
2017.08.04,257000.0,-6000.0,261500.0,267000.0,256500.0,48086.0,17281.0,-22829.0
2017.08.03,263000.0,500.0,259000.0,264000.0,255500.0,42314.0,13696.0,-10683.0
2017.08.02,262500.0,2000.0,259000.0,263000.0,253500.0,37380.0,3320.0,-1386.0
2017.08.01,260500.0,4000.0,258500.0,264500.0,257500.0,38334.0,12860.0,-8844.0
2017.07.31,256500.0,-9000.0,263500.0,274500.0,256500.0,77470.0,25750.0,-24708.0
2017.07.28,265500.0,15000.0,247000.0,266000.0,247000.0,114958.0,33198.0,30403.0
2017.07.27,250500.0,2500.0,248000.0,251500.0,245000.0,38391.0,1060.0,6027.0
2017.07.26,248000.0,6000.0,243500.0,249500.0,242500.0,47575.0,11513.0,7081.0
2017.07.25,242000.0,1000.0,239500.0,242500.0,239000.0,29191.0,-6814.0,10112.0
2017.07.24,241000.0,1000.0,242000.0,246000.0,240000.0,31220.0,-396.0,1871.0
2017.07.21,240000.0,2000.0,240000.0,241500.0,238000.0,30385.0,1831.0,1837.0
2017.07.20,238000.0,1500.0,238500.0,240500.0,236000.0,58734.0,-1086.0,-4538.0
2017.07.19,236500.0,-3000.0,240500.0,242000.0,236000.0,30457.0,-5104.0,-1840.0
2017.07.18,239500.0,-5500.0,245500.0,247000.0,239500.0,26210.0,-3570.0,-2617.0
2017.07.17,245000.0,9500.0,235500.0,247500.0,235500.0,72907.0,16214.0,5600.0
2017.07.14,235500.0,-500.0,236000.0,238000.0,231500.0,22533.0,528.0,-2094.0
2017.07.13,236000.0,2500.0,237000.0,237500.0,232000.0,35313.0,-3909.0,-2499.0
2017.07.12,233500.0,4000.0,226500.0,238000.0,226000.0,56435.0,4823.0,-5506.0
2017.07.11,229500.0,-6500.0,235500.0,236000.0,227500.0,73147.0,3109.0,-23213.0
2017.07.10,236000.0,-5000.0,241000.0,244000.0,235500.0,40961.0,-3835.0,-2382.0
2017.07.07,241000.0,-4000.0,243000.0,248000.0,240000.0,33785.0,-7105.0,-158.0
2017.07.06,245000.0,-1000.0,245000.0,249500.0,243500.0,37516.0,-9681.0,3813.0
2017.07.05,246000.0,-4500.0,248500.0,250000.0,246000.0,35198.0,-3232.0,-3968.0
2017.07.04,250500.0,-4000.0,253500.0,254000.0,246500.0,24154.0,-1352.0,-4043.0
2017.07.03,254500.0,-3000.0,257500.0,258500.0,252500.0,34157.0,2191.0,-7670.0
2017.06.30,257500.0,5000.0,252500.0,258500.0,252000.0,36741.0,5897.0,3120.0
2017.06.29,252500.0,-5500.0,257500.0,257500.0,252500.0,32520.0,-1651.0,-1561.0
2017.06.28,258000.0,5500.0,251500.0,260000.0,251000.0,55691.0,19017.0,-8161.0
2017.06.27,252500.0,-1000.0,253500.0,257500.0,252000.0,25720.0,-5896.0,3033.0
2017.06.26,253500.0,-1500.0,255000.0,256000.0,252500.0,25573.0,2091.0,-2644.0
2017.06.23,255000.0,-3500.0,259000.0,262000.0,254000.0,30335.0,1981.0,-8342.0
2017.06.22,258500.0,-500.0,256500.0,260500.0,254000.0,39688.0,13024.0,-16432.0
2017.06.21,259000.0,5000.0,251000.0,263500.0,251000.0,46972.0,9921.0,2990.0
2017.06.20,254000.0,-7000.0,260000.0,260000.0,252000.0,32004.0,1185.0,-7419.0
2017.06.19,261000.0,500.0,261000.0,266500.0,260500.0,28040.0,8631.0,-5861.0
2017.06.16,260500.0,4500.0,256500.0,266500.0,256500.0,63966.0,29300.0,-2228.0
2017.06.15,256000.0,1000.0,254000.0,259500.0,253500.0,23154.0,7907.0,-3693.0
2017.06.14,255000.0,-5000.0,258000.0,263000.0,255000.0,50283.0,-3480.0,6847.0
2017.06.13,260000.0,3000.0,255000.0,261000.0,248000.0,61673.0,16070.0,-1419.0
2017.06.12,257000.0,10000.0,249000.0,257500.0,248000.0,64935.0,12206.0,6064.0
2017.06.09,247000.0,1500.0,246000.0,250000.0,246000.0,26980.0,-8257.0,7711.0
2017.06.08,245500.0,-4000.0,251000.0,251000.0,245500.0,73982.0,-18910.0,7992.0
2017.06.07,249500.0,-5500.0,252500.0,257000.0,248000.0,74131.0,-14793.0,3397.0
2017.06.05,255000.0,1500.0,253500.0,256500.0,251000.0,41556.0,-6908.0,5701.0
2017.06.02,253500.0,2500.0,253000.0,254500.0,250000.0,59618.0,-15639.0,19128.0
2017.06.01,251000.0,-7000.0,258000.0,260000.0,251000.0,58718.0,-14797.0,133.0
2017.05.31,258000.0,-8500.0,261500.0,261500.0,253500.0,110355.0,-22802.0,12864.0
2017.05.30,266500.0,3000.0,261500.0,267000.0,259000.0,55807.0,5841.0,2613.0
2017.05.29,263500.0,1500.0,262000.0,264500.0,260000.0,39802.0,-75.0,8798.0
2017.05.26,262000.0,-500.0,263500.0,265500.0,260500.0,65105.0,5666.0,-1609.0
2017.05.25,262500.0,8500.0,254000.0,265500.0,252500.0,119890.0,16337.0,38140.0
2017.05.24,254000.0,7500.0,248500.0,255000.0,243000.0,97932.0,32120.0,-4143.0
2017.05.23,246500.0,4000.0,243000.0,249000.0,243000.0,79583.0,28694.0,-9816.0
2017.05.22,242500.0,3500.0,241500.0,247000.0,238000.0,65725.0,-2517.0,6562.0
2017.05.19,239000.0,-4500.0,244000.0,245500.0,237000.0,53865.0,-5375.0,-13442.0
2017.05.18,243500.0,4000.0,237000.0,248000.0,237000.0,84077.0,8576.0,-5167.0
2017.05.17,239500.0,-2000.0,242000.0,242500.0,238500.0,47642.0,3726.0,-9226.0
2017.05.16,241500.0,-8000.0,249500.0,250000.0,241000.0,65884.0,-2135.0,-8733.0
2017.05.15,249500.0,2500.0,247000.0,249500.0,244000.0,62955.0,-4286.0,15534.0
2017.05.12,247000.0,1000.0,248000.0,249500.0,242000.0,61231.0,-12812.0,18342.0
2017.05.11,246000.0,0.0,244500.0,247000.0,239500.0,93025.0,1742.0,2759.0
2017.05.10,246000.0,13500.0,235000.0,248000.0,234000.0,213595.0,23489.0,49479.0
2017.05.08,232500.0,8500.0,224500.0,234000.0,224500.0,92086.0,12918.0,-1337.0
2017.05.04,224000.0,-4500.0,227000.0,229000.0,222500.0,119973.0,-26101.0,-1031.0
2017.05.02,228500.0,-1500.0,232000.0,233000.0,227500.0,71642.0,2512.0,-13062.0
2017.04.28,230000.0,-10000.0,235500.0,238000.0,229000.0,84410.0,4004.0,-26607.0
2017.04.27,240000.0,500.0,239500.0,242500.0,234500.0,54548.0,-1911.0,680.0
2017.04.26,239500.0,2500.0,237000.0,242000.0,233500.0,71385.0,4059.0,12550.0
2017.04.25,237000.0,2000.0,235000.0,238000.0,232500.0,66184.0,2920.0,6376.0
2017.04.24,235000.0,3000.0,232500.0,235500.0,229000.0,56142.0,3805.0,10506.0
2017.04.21,232000.0,0.0,229000.0,234000.0,229000.0,68381.0,-1940.0,-2593.0
2017.04.20,232000.0,11000.0,221000.0,233000.0,221000.0,117944.0,9031.0,4250.0
2017.04.19,221000.0,-4000.0,224000.0,225000.0,219000.0,97772.0,-16388.0,11817.0
2017.04.18,225000.0,-1000.0,227000.0,227500.0,224000.0,52387.0,547.0,-2218.0
2017.04.17,226000.0,-2000.0,228000.0,229000.0,225000.0,79607.0,-5763.0,-12125.0
2017.04.14,228000.0,-5000.0,231000.0,231500.0,227000.0,71455.0,-1838.0,-10866.0
2017.04.13,233000.0,2500.0,232500.0,235000.0,230000.0,45615.0,-11087.0,7545.0
2017.04.12,230500.0,500.0,231000.0,236500.0,230500.0,57948.0,1333.0,-5949.0
2017.04.11,230000.0,1000.0,231500.0,235000.0,229000.0,56044.0,15726.0,-14666.0
2017.04.10,229000.0,-2000.0,231500.0,233500.0,227500.0,94903.0,-8164.0,1169.0
2017.04.07,231000.0,0.0,231000.0,238000.0,230500.0,102217.0,1730.0,-18598.0
2017.04.06,231000.0,-4500.0,235500.0,236000.0,230500.0,76453.0,-25422.0,4516.0
2017.04.05,235500.0,-8000.0,243500.0,244500.0,232000.0,183369.0,-47073.0,-8656.0
2017.04.04,243500.0,-15000.0,257000.0,258000.0,240500.0,122444.0,-43435.0,-5469.0
2017.04.03,258500.0,-1000.0,259000.0,259500.0,257500.0,24874.0,-1228.0,1592.0
2017.03.31,259500.0,7000.0,251500.0,259500.0,251500.0,36645.0,8894.0,7050.0
2017.03.30,252500.0,-1000.0,254000.0,258500.0,252000.0,40159.0,4802.0,-4393.0
2017.03.29,253500.0,-2500.0,259000.0,259000.0,251000.0,67617.0,-9140.0,4359.0
2017.03.28,256000.0,4000.0,254500.0,257000.0,252000.0,48185.0,1777.0,1857.0
2017.03.27,252000.0,-2500.0,254000.0,254000.0,245500.0,63621.0,6278.0,-5309.0
2017.03.24,254500.0,1500.0,250000.0,258000.0,250000.0,33261.0,128.0,4055.0
2017.03.23,253000.0,-2000.0,257500.0,261500.0,253000.0,50208.0,-6027.0,2101.0
2017.03.22,255000.0,-6000.0,259000.0,260000.0,255000.0,35757.0,-4568.0,1815.0
2017.03.21,261000.0,7000.0,255000.0,261500.0,254500.0,62208.0,-7466.0,10481.0
2017.03.20,254000.0,-5500.0,262000.0,262000.0,252500.0,48743.0,-7341.0,-4533.0
2017.03.17,259500.0,1500.0,259500.0,262500.0,258000.0,55399.0,4662.0,83.0
2017.03.16,258000.0,4500.0,255000.0,261500.0,253500.0,46184.0,9664.0,4629.0
2017.03.15,253500.0,-3000.0,256500.0,257500.0,251500.0,58242.0,-5242.0,1087.0
2017.03.14,256500.0,8000.0,252000.0,262500.0,251500.0,100116.0,1778.0,14237.0
2017.03.13,248500.0,-4000.0,251000.0,252000.0,247500.0,71977.0,-8648.0,-2864.0
2017.03.10,252500.0,6500.0,244000.0,254000.0,242500.0,69021.0,12010.0,-3917.0
2017.03.09,246000.0,-1000.0,244500.0,247000.0,240000.0,80565.0,-23484.0,11148.0
2017.03.08,247000.0,-500.0,249000.0,255000.0,244000.0,66336.0,-2278.0,4294.0
2017.03.07,247500.0,7500.0,240000.0,251500.0,236500.0,85555.0,-1048.0,6118.0
2017.03.06,240000.0,-4500.0,240500.0,242500.0,235000.0,123678.0,-37372.0,4292.0
2017.03.03,244500.0,-12500.0,257500.0,257500.0,242500.0,127182.0,-34557.0,7703.0
2017.03.02,257000.0,-8500.0,266500.0,267500.0,257000.0,84390.0,-13150.0,-280.0
2017.02.28,265500.0,500.0,265500.0,268000.0,260500.0,43550.0,-4139.0,408.0
2017.02.27,265000.0,-5500.0,272500.0,272500.0,261500.0,48638.0,3922.0,-11656.0
2017.02.24,270500.0,0.0,270500.0,273500.0,268000.0,39160.0,80.0,-2771.0
2017.02.23,270500.0,500.0,271000.0,273000.0,269000.0,36349.0,-1859.0,-3851.0
2017.02.22,270000.0,-2000.0,272000.0,272500.0,269000.0,33434.0,564.0,-4331.0
2017.02.21,272000.0,0.0,272500.0,278000.0,271000.0,36796.0,-6468.0,-4632.0
2017.02.20,272000.0,-3000.0,274000.0,274500.0,271000.0,17354.0,-4893.0,3434.0
2017.02.17,275000.0,-5000.0,277000.0,280000.0,272500.0,41511.0,-6902.0,1052.0
2017.02.16,280000.0,2500.0,279000.0,282000.0,273000.0,39611.0,6940.0,-4604.0
2017.02.15,277500.0,-9000.0,283500.0,285500.0,275500.0,74742.0,-20403.0,10016.0
2017.02.14,286500.0,500.0,290000.0,290000.0,284500.0,33946.0,-4339.0,8709.0
2017.02.13,286000.0,8000.0,280000.0,290500.0,278500.0,75328.0,-17131.0,21796.0
2017.02.10,278000.0,1500.0,279000.0,281500.0,274000.0,49380.0,-5481.0,12374.0
2017.02.09,276500.0,-3500.0,282500.0,283000.0,270000.0,90150.0,-10399.0,7625.0
2017.02.08,280000.0,20500.0,266000.0,280000.0,264000.0,214110.0,-26886.0,98653.0
2017.02.07,259500.0,18000.0,243000.0,264500.0,242500.0,153696.0,17269.0,800.0
2017.02.06,241500.0,-8000.0,250000.0,254000.0,240500.0,59769.0,-16285.0,2415.0
2017.02.03,249500.0,-6500.0,257500.0,259000.0,248500.0,42491.0,-8889.0,-1118.0
2017.02.02,256000.0,6500.0,249000.0,258500.0,247000.0,78478.0,11640.0,-5360.0
2017.02.01,249500.0,-500.0,246000.0,252500.0,246000.0,69255.0,9070.0,-21221.0
2017.01.31,250000.0,-9500.0,259500.0,259500.0,245000.0,64046.0,-23053.0,11541.0
2017.01.26,259500.0,-1500.0,260500.0,261000.0,255000.0,43455.0,-11925.0,7154.0
2017.01.25,261000.0,-4000.0,268000.0,272500.0,260500.0,34910.0,-4958.0,1551.0
2017.01.24,265000.0,-2000.0,267000.0,267500.0,260500.0,19407.0,-3422.0,3773.0
2017.01.23,267000.0,-4500.0,273500.0,274000.0,265500.0,25973.0,3564.0,-2207.0
2017.01.20,271500.0,-1000.0,275500.0,275500.0,268500.0,23529.0,3246.0,-3094.0
2017.01.19,272500.0,5000.0,268500.0,279500.0,268500.0,55847.0,410.0,10958.0
2017.01.18,267500.0,-2000.0,271500.0,271500.0,266000.0,39469.0,9967.0,-9809.0
2017.01.17,269500.0,8500.0,262500.0,271000.0,262500.0,63763.0,5512.0,3822.0
2017.01.16,261000.0,1500.0,262000.0,264000.0,256500.0,40689.0,7925.0,-728.0
2017.01.13,259500.0,-500.0,259500.0,262500.0,258000.0,24272.0,-792.0,1064.0
2017.01.12,260000.0,1000.0,261500.0,262500.0,255500.0,54429.0,-1518.0,-5151.0
2017.01.11,259000.0,-1000.0,260500.0,262500.0,258000.0,43596.0,1080.0,699.0
2017.01.10,260000.0,-1500.0,261500.0,264500.0,258000.0,37935.0,7921.0,-6187.0
2017.01.09,261500.0,2000.0,258000.0,263000.0,255500.0,37604.0,-2223.0,1082.0
2017.01.06,259500.0,2000.0,257500.0,261000.0,257500.0,39019.0,1340.0,6559.0
2017.01.05,257500.0,-1000.0,258500.0,261000.0,255500.0,37935.0,-12304.0,4602.0
2017.01.04,258500.0,-5000.0,264000.0,265000.0,258500.0,48561.0,5603.0,-9459.0
2017.01.03,263500.0,14500.0,251500.0,266500.0,251500.0,102388.0,21708.0,11948.0
2017.01.02,249000.0,14500.0,235500.0,250000.0,234000.0,49947.0,13048.0,6736.0
2016.12.29,234500.0,0.0,235500.0,238500.0,234500.0,22000.0,-3531.0,501.0
2016.12.28,234500.0,-5000.0,239500.0,241000.0,234500.0,28586.0,-10992.0,-3153.0
2016.12.27,239500.0,-1500.0,237500.0,242000.0,236500.0,22830.0,7512.0,-3857.0
2016.12.26,241000.0,8000.0,233000.0,242500.0,233000.0,44606.0,13302.0,621.0
2016.12.23,233000.0,0.0,233000.0,236000.0,232500.0,42830.0,-2326.0,-2989.0
2016.12.22,233000.0,-4500.0,237500.0,238500.0,233000.0,26843.0,540.0,-7194.0
2016.12.21,237500.0,1500.0,237500.0,238500.0,235000.0,17889.0,-795.0,922.0
2016.12.20,236000.0,-1000.0,237000.0,241000.0,235000.0,24485.0,-4816.0,-2159.0
2016.12.19,237000.0,-3000.0,241500.0,243500.0,234500.0,37958.0,3150.0,-15235.0
2016.12.16,240000.0,-10000.0,247500.0,248500.0,239000.0,53794.0,3803.0,-25637.0
2016.12.15,250000.0,6500.0,241000.0,253000.0,241000.0,50618.0,18378.0,-4220.0
2016.12.14,243500.0,8500.0,236000.0,245000.0,234000.0,41888.0,10225.0,3407.0
2016.12.13,235000.0,2000.0,234000.0,237000.0,231000.0,47656.0,-8261.0,8088.0
2016.12.12,233000.0,-8500.0,242000.0,245000.0,232500.0,59382.0,1394.0,-19584.0
2016.12.09,241500.0,4000.0,235000.0,247000.0,235000.0,46557.0,-5596.0,15930.0
2016.12.08,237500.0,8000.0,234000.0,238500.0,230500.0,52974.0,-2477.0,5965.0
2016.12.07,229500.0,-6500.0,238000.0,238500.0,228000.0,54390.0,-14619.0,7613.0
2016.12.06,236000.0,-2000.0,238000.0,242000.0,236000.0,47398.0,-11758.0,3490.0
2016.12.05,238000.0,-10500.0,248500.0,249000.0,236000.0,39744.0,-8699.0,-2961.0
2016.12.02,248500.0,-1500.0,247000.0,253000.0,247000.0,36050.0,-10852.0,10921.0
2016.12.01,250000.0,-500.0,250000.0,254000.0,246000.0,27122.0,377.0,524.0
2016.11.30,250500.0,7000.0,245000.0,253000.0,243500.0,51112.0,-5129.0,10847.0
2016.11.29,243500.0,500.0,243000.0,250500.0,241000.0,38589.0,-7794.0,8805.0
2016.11.28,243000.0,-3000.0,246000.0,250000.0,238500.0,52599.0,-25065.0,23688.0
2016.11.25,246000.0,-1500.0,248000.0,251000.0,244500.0,56167.0,-15986.0,14896.0
2016.11.24,247500.0,3000.0,248500.0,256500.0,246500.0,89284.0,-12240.0,20803.0
2016.11.23,244500.0,6000.0,235500.0,247500.0,235500.0,57300.0,-8068.0,19731.0
2016.11.22,238500.0,0.0,237500.0,241000.0,236500.0,32367.0,-1049.0,1933.0
2016.11.21,238500.0,5500.0,235000.0,246000.0,232500.0,57442.0,13391.0,2909.0
2016.11.18,233000.0,1000.0,235000.0,235000.0,227500.0,28731.0,-2411.0,3931.0
2016.11.17,232000.0,-2000.0,233500.0,234500.0,228000.0,23523.0,757.0,-1765.0
2016.11.16,234000.0,10500.0,223000.0,234500.0,220500.0,79024.0,26645.0,-13321.0
2016.11.15,223500.0,-2500.0,224000.0,224000.0,217000.0,115546.0,-10205.0,5025.0
2016.11.14,226000.0,-5000.0,231000.0,233000.0,225000.0,53287.0,-12787.0,6418.0
2016.11.11,231000.0,-8500.0,235000.0,237500.0,229500.0,82092.0,-8320.0,-90.0
2016.11.10,239500.0,-7000.0,246000.0,246500.0,229000.0,181895.0,-46650.0,23306.0
2016.11.09,246500.0,-5500.0,250000.0,251500.0,241500.0,69911.0,-2419.0,7798.0
2016.11.08,252000.0,3000.0,249500.0,253500.0,249000.0,31816.0,-7782.0,11804.0
2016.11.07,249000.0,-1000.0,253500.0,255000.0,248000.0,56337.0,-1938.0,-3987.0
2016.11.04,250000.0,-11000.0,263000.0,263500.0,247000.0,71612.0,-19355.0,5558.0
2016.11.03,261000.0,2000.0,263000.0,266000.0,259500.0,57840.0,-12396.0,11578.0
2016.11.02,259000.0,-8500.0,265000.0,268000.0,259000.0,38616.0,-6669.0,7207.0
2016.11.01,267500.0,-1000.0,267500.0,269000.0,263500.0,43266.0,-3761.0,8359.0
2016.10.31,268500.0,10000.0,261500.0,269000.0,259000.0,82044.0,-26085.0,40213.0
2016.10.28,258500.0,5500.0,253500.0,260500.0,251000.0,94509.0,9693.0,-2596.0
2016.10.27,253000.0,-4000.0,257000.0,258000.0,251000.0,95630.0,1474.0,-12305.0
2016.10.26,257000.0,-5500.0,264000.0,264000.0,250000.0,69900.0,-6989.0,3876.0
2016.10.25,262500.0,19000.0,244000.0,265500.0,243500.0,83050.0,14274.0,14273.0
2016.10.24,243500.0,-6500.0,251500.0,251500.0,233500.0,94733.0,-835.0,-12071.0
2016.10.21,250000.0,0.0,252500.0,252500.0,247000.0,25758.0,-651.0,970.0
2016.10.20,250000.0,-2000.0,252000.0,253500.0,249500.0,52089.0,-5157.0,7546.0
2016.10.19,252000.0,4000.0,248500.0,253500.0,243000.0,57527.0,-12862.0,14382.0
2016.10.18,248000.0,3500.0,244500.0,248500.0,243000.0,42500.0,3400.0,1245.0
2016.10.17,244500.0,-6500.0,254000.0,254000.0,242000.0,73057.0,-2725.0,-6084.0
2016.10.14,251000.0,-1500.0,252000.0,255000.0,250000.0,43218.0,2550.0,-2604.0
2016.10.13,252500.0,-3500.0,253500.0,255500.0,251000.0,56866.0,-20176.0,14966.0
2016.10.12,256000.0,-7500.0,268000.0,268000.0,253500.0,59194.0,-5315.0,-2929.0
2016.10.11,263500.0,11500.0,257000.0,264000.0,252500.0,52005.0,-778.0,6461.0
2016.10.10,252000.0,-1000.0,256000.0,257500.0,251000.0,53608.0,-20639.0,21931.0
2016.10.07,253000.0,0.0,255500.0,256000.0,253000.0,54805.0,8359.0,-8167.0
2016.10.06,253000.0,-11000.0,261500.0,264500.0,251000.0,104497.0,-36340.0,22635.0
2016.10.05,264000.0,3000.0,265500.0,265500.0,260000.0,82021.0,-20598.0,19703.0
2016.10.04,261000.0,14000.0,261000.0,270500.0,259500.0,202205.0,-68168.0,80593.0
2016.09.30,247000.0,-38000.0,286500.0,287000.0,245500.0,216025.0,-38000.0,-11225.0
2016.09.29,285000.0,5500.0,278500.0,287000.0,278500.0,45856.0,18297.0,-8697.0
2016.09.28,279500.0,-7500.0,285000.0,285000.0,277000.0,66216.0,30050.0,-38301.0
2016.09.27,287000.0,7000.0,280000.0,289000.0,277000.0,51710.0,16337.0,-2511.0
2016.09.26,280000.0,5000.0,275000.0,280000.0,272000.0,47503.0,11595.0,1316.0
2016.09.23,275000.0,5500.0,271000.0,278000.0,267500.0,45575.0,4647.0,11641.0
2016.09.22,269500.0,9500.0,262500.0,271500.0,262500.0,43588.0,-8967.0,15548.0
2016.09.21,260000.0,-4500.0,261500.0,264000.0,258000.0,29658.0,-3531.0,-2921.0
2016.09.20,264500.0,-4000.0,265500.0,270000.0,258500.0,47597.0,-5401.0,-634.0
2016.09.19,268500.0,9500.0,253500.0,268500.0,253500.0,46706.0,7406.0,-3559.0
2016.09.13,259000.0,9000.0,252500.0,268000.0,252500.0,64111.0,-23694.0,31350.0
2016.09.12,250000.0,-6500.0,252500.0,259500.0,250000.0,40134.0,-6280.0,3023.0
2016.09.09,256500.0,-10500.0,267000.0,267000.0,256500.0,46299.0,-20385.0,10780.0
2016.09.08,267000.0,-2000.0,269500.0,271500.0,261500.0,49333.0,-9537.0,5504.0
2016.09.07,269000.0,-3500.0,271000.0,272500.0,267500.0,39342.0,-17268.0,12230.0
2016.09.06,272500.0,0.0,269500.0,273000.0,269500.0,38531.0,-16441.0,13413.0
2016.09.05,272500.0,8000.0,265000.0,278000.0,265000.0,64443.0,-14297.0,26421.0
2016.09.02,264500.0,-1000.0,266000.0,269000.0,262000.0,40602.0,-13694.0,17925.0
2016.09.01,265500.0,4000.0,265000.0,267000.0,259000.0,25296.0,-2860.0,8851.0
2016.08.31,261500.0,500.0,263500.0,263500.0,257000.0,29879.0,1651.0,331.0
2016.08.30,261000.0,6000.0,255000.0,265000.0,253500.0,47573.0,2708.0,3361.0
2016.08.29,255000.0,-4000.0,259000.0,259000.0,254500.0,16818.0,-1885.0,-145.0
2016.08.26,259000.0,-3500.0,259500.0,262500.0,258000.0,21723.0,1870.0,-2830.0
2016.08.25,262500.0,7500.0,257500.0,264000.0,254000.0,37798.0,-2131.0,11102.0
2016.08.24,255000.0,-4000.0,260000.0,261000.0,254000.0,29222.0,-8614.0,1060.0
2016.08.23,259000.0,3500.0,257500.0,262500.0,253500.0,38197.0,4161.0,-410.0
2016.08.22,255500.0,-3500.0,257000.0,267000.0,254500.0,36824.0,-6470.0,4453.0
2016.08.19,259000.0,-12000.0,273000.0,273000.0,257500.0,72997.0,5764.0,-23309.0
2016.08.18,271000.0,16000.0,258000.0,273000.0,255000.0,155126.0,24541.0,10160.0
2016.08.17,255000.0,5500.0,251000.0,257500.0,248500.0,39186.0,3085.0,7059.0
2016.08.16,249500.0,-6000.0,255500.0,258500.0,249500.0,37364.0,-8210.0,2177.0
2016.08.12,255500.0,-500.0,256000.0,256000.0,250500.0,30146.0,-3359.0,2153.0
2016.08.11,256000.0,4500.0,253500.0,256000.0,248500.0,37021.0,1943.0,1941.0
2016.08.10,251500.0,500.0,251000.0,253500.0,246500.0,25231.0,237.0,585.0
2016.08.09,251000.0,3000.0,249000.0,256000.0,246000.0,34352.0,-6963.0,8720.0
2016.08.08,248000.0,0.0,248000.0,255000.0,246000.0,28976.0,-4072.0,2809.0
2016.08.05,248000.0,-2500.0,254000.0,261500.0,247000.0,82860.0,-7182.0,7630.0
2016.08.04,250500.0,1500.0,250000.0,254000.0,249000.0,54686.0,11919.0,-9125.0
2016.08.03,249000.0,-4500.0,249500.0,253000.0,246000.0,78695.0,7764.0,-6957.0
2016.08.02,253500.0,-6500.0,260000.0,260000.0,252500.0,43839.0,10156.0,-9598.0
2016.08.01,260000.0,0.0,263000.0,263500.0,253000.0,78520.0,-21782.0,23877.0
2016.07.29,260000.0,500.0,260500.0,261500.0,255000.0,78549.0,8294.0,9043.0
2016.07.28,259500.0,23000.0,240000.0,263500.0,238000.0,264104.0,-52864.0,123912.0
2016.07.27,236500.0,16500.0,219000.0,240000.0,210000.0,170043.0,-28008.0,21073.0
2016.07.26,220000.0,-5000.0,222000.0,223500.0,219000.0,107319.0,-17970.0,15502.0
2016.07.25,225000.0,3000.0,222000.0,228500.0,221500.0,52808.0,1115.0,2762.0
2016.07.22,222000.0,1500.0,221000.0,224500.0,216000.0,49056.0,5106.0,565.0
2016.07.21,220500.0,2000.0,219500.0,221500.0,218500.0,35532.0,2157.0,128.0
2016.07.20,218500.0,1500.0,218000.0,220000.0,216000.0,37797.0,693.0,-1344.0
2016.07.19,217000.0,-3000.0,220000.0,222000.0,215000.0,52921.0,-18349.0,5989.0
2016.07.18,220000.0,-3000.0,220500.0,224000.0,217000.0,52561.0,-26001.0,21340.0
2016.07.15,223000.0,-3500.0,227000.0,227500.0,220500.0,74227.0,-14108.0,3256.0
2016.07.14,226500.0,-6500.0,230500.0,231500.0,226000.0,58467.0,-22360.0,20338.0
2016.07.13,233000.0,-5500.0,239500.0,244000.0,232500.0,82876.0,-15017.0,26270.0
2016.07.12,238500.0,8000.0,233000.0,238500.0,231500.0,103764.0,-8589.0,25538.0
2016.07.11,230500.0,12000.0,222500.0,233000.0,219500.0,102976.0,-800.0,22878.0
2016.07.08,218500.0,-1500.0,219000.0,219500.0,217500.0,66281.0,7349.0,-4303.0
2016.07.07,220000.0,8500.0,211500.0,220500.0,210500.0,105745.0,784.0,12656.0
2016.07.06,211500.0,3000.0,207500.0,211500.0,207500.0,96765.0,-7474.0,14393.0
2016.07.05,208500.0,-2500.0,211000.0,211000.0,207000.0,113855.0,-25966.0,23061.0
2016.07.04,211000.0,-3500.0,214500.0,215000.0,207500.0,117533.0,-43660.0,33724.0
2016.07.01,214500.0,-3000.0,217500.0,219500.0,214500.0,93774.0,-36367.0,33324.0
2016.06.30,217500.0,-1000.0,219500.0,221500.0,215000.0,73872.0,-1193.0,6600.0
2016.06.29,218500.0,6500.0,213500.0,221000.0,212500.0,88383.0,-5583.0,11048.0
2016.06.28,212000.0,2500.0,205500.0,216000.0,203500.0,82909.0,-5098.0,12849.0
2016.06.27,209500.0,-8500.0,217000.0,222000.0,205500.0,144979.0,12244.0,-37517.0
2016.06.24,218000.0,0.0,218500.0,221500.0,207000.0,174644.0,3381.0,20221.0
2016.06.23,218000.0,-5000.0,223000.0,223000.0,217500.0,84885.0,-14394.0,17928.0
2016.06.22,223000.0,1000.0,223500.0,226000.0,222000.0,48718.0,-9728.0,13124.0
2016.06.21,222000.0,-6000.0,228000.0,229500.0,221500.0,68670.0,-36779.0,30272.0
2016.06.20,228000.0,-500.0,228500.0,232500.0,219500.0,66029.0,-6213.0,12731.0
2016.06.17,228500.0,-6500.0,236500.0,239500.0,223500.0,86216.0,-27678.0,14742.0
2016.06.16,235000.0,-4000.0,240500.0,241000.0,229500.0,75341.0,-20257.0,17539.0
2016.06.15,239000.0,7500.0,231500.0,244500.0,231500.0,132718.0,-1712.0,15486.0
2016.06.14,231500.0,5000.0,226500.0,234000.0,225500.0,74693.0,8070.0,11835.0
2016.06.13,226500.0,-1000.0,227500.0,227500.0,222500.0,34993.0,-769.0,-348.0
2016.06.10,227500.0,-1000.0,225500.0,229500.0,222000.0,79888.0,-8129.0,11573.0
2016.06.09,228500.0,-1500.0,230000.0,236000.0,225000.0,293464.0,141802.0,-135249.0
2016.06.08,230000.0,2000.0,226500.0,230000.0,223500.0,86976.0,8385.0,6486.0
2016.06.07,228000.0,4500.0,223500.0,228500.0,223000.0,65838.0,6842.0,8310.0
2016.06.03,223500.0,8500.0,215500.0,224000.0,215500.0,84583.0,4785.0,18256.0
2016.06.02,215000.0,-9000.0,223500.0,224000.0,213000.0,123340.0,-28111.0,25967.0
2016.06.01,224000.0,2000.0,222500.0,225000.0,218500.0,36780.0,-4512.0,15583.0
2016.05.31,222000.0,1500.0,218000.0,224000.0,217500.0,71918.0,2156.0,8833.0
2016.05.30,220500.0,-5500.0,222000.0,223000.0,215000.0,115519.0,-12194.0,6592.0
2016.05.27,226000.0,3000.0,225000.0,227000.0,219500.0,88614.0,3516.0,11110.0
2016.05.26,223000.0,11000.0,217000.0,228000.0,215500.0,170876.0,-15880.0,53044.0
2016.05.25,212000.0,-2000.0,218000.0,223500.0,204500.0,176508.0,-35244.0,26262.0
2016.05.24,214000.0,10500.0,205500.0,218000.0,203500.0,148553.0,6965.0,51115.0
2016.05.23,203500.0,6500.0,205000.0,214000.0,202500.0,176531.0,8690.0,24097.0
2016.05.20,197000.0,-1500.0,196000.0,200000.0,195500.0,44189.0,-11530.0,7472.0
2016.05.19,198500.0,2000.0,194500.0,199000.0,193000.0,48437.0,4380.0,1799.0
2016.05.18,196500.0,4500.0,194500.0,198500.0,192000.0,59656.0,-2712.0,20701.0
2016.05.17,192000.0,0.0,192000.0,197500.0,192000.0,52201.0,9785.0,1175.0
2016.05.16,192000.0,-5000.0,197500.0,198000.0,191000.0,65196.0,-22688.0,18358.0
2016.05.13,197000.0,5000.0,194500.0,197000.0,192000.0,59583.0,-3137.0,21531.0
2016.05.12,192000.0,-1000.0,193000.0,196500.0,191500.0,54458.0,-6346.0,22875.0
2016.05.11,193000.0,1500.0,192000.0,194000.0,188500.0,47253.0,1153.0,9316.0
2016.05.10,191500.0,3000.0,187000.0,191500.0,187000.0,53202.0,8752.0,11140.0
2016.05.09,188500.0,4000.0,185000.0,192000.0,185000.0,97650.0,-7763.0,30861.0
2016.05.04,184500.0,-5500.0,189500.0,190000.0,182000.0,61096.0,-25209.0,21936.0
2016.05.03,190000.0,0.0,190000.0,192000.0,183500.0,84795.0,-13935.0,18580.0
2016.05.02,190000.0,1500.0,189000.0,191000.0,185500.0,81792.0,-3954.0,35285.0
2016.04.29,188500.0,6500.0,182000.0,188500.0,179000.0,104965.0,-17495.0,48835.0
2016.04.28,182000.0,3500.0,177500.0,182000.0,176000.0,75199.0,-6762.0,34781.0
2016.04.27,178500.0,0.0,178500.0,179500.0,174500.0,57648.0,-16561.0,33549.0
2016.04.26,178500.0,500.0,178000.0,179500.0,176000.0,49811.0,-18878.0,23343.0
2016.04.25,178000.0,0.0,177500.0,178500.0,175000.0,54496.0,-14008.0,22423.0
2016.04.22,178000.0,3500.0,173000.0,179000.0,172500.0,51567.0,-6639.0,24489.0
2016.04.21,174500.0,-2000.0,173500.0,177000.0,172500.0,73471.0,-19846.0,40432.0
2016.04.20,176500.0,-500.0,177500.0,179000.0,175000.0,60938.0,-11128.0,24083.0
2016.04.19,177000.0,4000.0,174500.0,177500.0,174000.0,69844.0,17315.0,17087.0
2016.04.18,173000.0,2000.0,171000.0,174500.0,170500.0,48085.0,2047.0,17806.0
2016.04.15,171000.0,-3000.0,174500.0,175000.0,169500.0,61183.0,-12017.0,17054.0
2016.04.14,174000.0,5000.0,170000.0,174500.0,168000.0,88771.0,-13706.0,38289.0
2016.04.12,169000.0,-500.0,169500.0,170500.0,167500.0,46601.0,21265.0,-18385.0
2016.04.11,169500.0,3500.0,167000.0,172000.0,166500.0,131800.0,6398.0,24815.0
2016.04.08,166000.0,3000.0,162500.0,167500.0,161000.0,80608.0,33531.0,554.0
2016.04.07,163000.0,-500.0,164000.0,164500.0,161000.0,51400.0,2467.0,1115.0
2016.04.06,163500.0,5000.0,159000.0,164500.0,158500.0,72502.0,-6832.0,15308.0
2016.04.05,158500.0,3000.0,155500.0,160000.0,155000.0,49355.0,-17466.0,20253.0
2016.04.04,155500.0,-1000.0,157500.0,157500.0,154500.0,30714.0,-9038.0,8476.0
2016.04.01,156500.0,0.0,157000.0,157000.0,154500.0,43936.0,-12142.0,11769.0
2016.03.31,156500.0,-3000.0,159500.0,159500.0,154500.0,66036.0,-895.0,-7843.0
2016.03.30,159500.0,0.0,159500.0,160000.0,157000.0,60245.0,-15584.0,10030.0
2016.03.29,159500.0,-1500.0,161000.0,161000.0,157000.0,53551.0,-25345.0,25874.0
2016.03.28,161000.0,-3000.0,164000.0,164000.0,158000.0,89204.0,-37128.0,36203.0
2016.03.25,164000.0,0.0,164500.0,166500.0,161500.0,54873.0,-4789.0,9661.0
2016.03.24,164000.0,0.0,163500.0,165500.0,161500.0,46087.0,-134.0,5208.0
2016.03.23,164000.0,1000.0,164500.0,166000.0,163000.0,71042.0,-20775.0,29812.0
2016.03.22,163000.0,4500.0,159500.0,164500.0,157500.0,87672.0,26129.0,5347.0
2016.03.21,158500.0,5000.0,153500.0,163000.0,151500.0,133095.0,-4321.0,30748.0
2016.03.18,153500.0,3000.0,151000.0,153500.0,149500.0,47516.0,-5565.0,19495.0
2016.03.17,150500.0,1500.0,149000.0,151500.0,147500.0,54742.0,-5815.0,934.0
2016.03.16,149000.0,-1500.0,149000.0,150000.0,148000.0,48177.0,-10638.0,4309.0
2016.03.15,150500.0,-500.0,151000.0,151500.0,148000.0,43610.0,-507.0,4722.0
2016.03.14,151000.0,-1500.0,152500.0,153000.0,148500.0,46240.0,-7202.0,6707.0
2016.03.11,152500.0,-500.0,153000.0,154000.0,150500.0,42447.0,3395.0,4871.0
2016.03.10,153000.0,3500.0,150000.0,154000.0,148500.0,73529.0,20209.0,17071.0
2016.03.09,149500.0,3000.0,150500.0,150500.0,146000.0,69214.0,17203.0,11945.0
2016.03.08,146500.0,4500.0,140500.0,148000.0,137500.0,186884.0,-33022.0,57719.0
2016.03.07,142000.0,-5000.0,145500.0,147000.0,141000.0,186657.0,-15760.0,-32155.0
2016.03.04,147000.0,-3500.0,150500.0,150500.0,144000.0,104102.0,-13271.0,-20505.0
2016.03.03,150500.0,-1500.0,151500.0,152500.0,147500.0,42792.0,-14564.0,5955.0
2016.03.02,152000.0,2000.0,151500.0,154000.0,149000.0,79936.0,-1657.0,19419.0
2016.02.29,150000.0,-4500.0,154000.0,155500.0,147000.0,92392.0,-4183.0,-15179.0
2016.02.26,154500.0,1500.0,154500.0,155000.0,151000.0,27505.0,398.0,7528.0
2016.02.25,153000.0,2500.0,149500.0,153500.0,149500.0,48238.0,3642.0,13618.0
2016.02.24,150500.0,-4500.0,154500.0,155000.0,149000.0,47872.0,-4689.0,-9498.0
2016.02.23,155000.0,0.0,154500.0,156000.0,152500.0,24852.0,1452.0,4505.0
2016.02.22,155000.0,2500.0,153500.0,155000.0,152500.0,62739.0,-5601.0,17754.0
2016.02.19,152500.0,3000.0,149000.0,154000.0,149000.0,33536.0,10453.0,2646.0
2016.02.18,149500.0,500.0,151000.0,154000.0,148500.0,49321.0,-5972.0,3675.0
2016.02.17,149000.0,3000.0,145000.0,152000.0,145000.0,97251.0,40706.0,-18793.0
2016.02.16,146000.0,0.0,147000.0,148000.0,143500.0,89588.0,-12360.0,-3657.0
2016.02.15,146000.0,3000.0,146000.0,149500.0,142500.0,75842.0,27583.0,-15266.0
2016.02.12,143000.0,-2500.0,144000.0,152000.0,141000.0,128383.0,55596.0,-44317.0
2016.02.11,145500.0,-5000.0,146000.0,147500.0,140000.0,102825.0,25301.0,-28953.0
2016.02.05,150500.0,-4000.0,156500.0,156500.0,149500.0,75003.0,-2741.0,-19829.0
2016.02.04,154500.0,0.0,157000.0,157000.0,151500.0,44429.0,-9785.0,-10393.0
2016.02.03,154500.0,0.0,151500.0,154500.0,147500.0,89864.0,-9745.0,1911.0
2016.02.02,154500.0,-5000.0,159500.0,160000.0,152500.0,62868.0,-16437.0,1231.0
2016.02.01,159500.0,-10500.0,170500.0,170500.0,158000.0,115467.0,-5261.0,-7072.0
2016.01.29,170000.0,-500.0,172000.0,173500.0,167500.0,48096.0,8683.0,-3117.0
2016.01.28,170500.0,10500.0,161500.0,173500.0,161000.0,111212.0,21530.0,11484.0
2016.01.27,160000.0,-500.0,160500.0,164000.0,159500.0,39713.0,3151.0,1672.0
2016.01.26,160500.0,-3500.0,162500.0,164000.0,158500.0,24691.0,5394.0,-5972.0
2016.01.25,164000.0,1500.0,162500.0,165000.0,161500.0,24115.0,12318.0,-7446.0
2016.01.22,162500.0,2500.0,163000.0,165000.0,161000.0,39468.0,16347.0,-7411.0
2016.01.21,160000.0,0.0,159500.0,163500.0,157000.0,41124.0,16230.0,-8943.0
2016.01.20,160000.0,3500.0,157000.0,161000.0,156000.0,68065.0,7138.0,10324.0
2016.01.19,156500.0,-4500.0,161500.0,161500.0,154000.0,96106.0,14843.0,-14798.0
2016.01.18,161000.0,-5500.0,164500.0,165500.0,160500.0,42091.0,5204.0,-8316.0
2016.01.15,166500.0,2500.0,164500.0,168500.0,164500.0,62251.0,13615.0,6780.0
2016.01.14,164000.0,-500.0,163500.0,166000.0,162000.0,39721.0,11807.0,-2833.0
2016.01.13,164500.0,-1500.0,166500.0,168500.0,164000.0,18359.0,3417.0,-7240.0
2016.01.12,166000.0,1500.0,164500.0,168000.0,164500.0,37293.0,12118.0,1320.0
2016.01.11,164500.0,-3000.0,167500.0,167500.0,161500.0,43110.0,10569.0,-12647.0
2016.01.08,167500.0,-1000.0,165500.0,168000.0,163500.0,67118.0,14581.0,-21285.0
2016.01.07,168500.0,-1000.0,169500.0,170000.0,166500.0,41043.0,13614.0,-8727.0
2016.01.06,169500.0,4500.0,166000.0,169500.0,164500.0,84568.0,14541.0,20462.0
2016.01.05,165000.0,3000.0,160000.0,168500.0,159000.0,90570.0,14458.0,-8966.0
2016.01.04,162000.0,-3500.0,165500.0,165500.0,159000.0,67376.0,-2930.0,7396.0
2015.12.30,165500.0,-1000.0,166500.0,170000.0,165000.0,50659.0,11413.0,-4532.0
2015.12.29,166500.0,-1500.0,164500.0,168000.0,163500.0,42332.0,5094.0,168.0
2015.12.28,168000.0,-1500.0,168500.0,169500.0,164500.0,42217.0,-688.0,11621.0
2015.12.24,169500.0,-3500.0,173500.0,174500.0,167500.0,41046.0,-5349.0,1331.0
2015.12.23,173000.0,500.0,174500.0,175000.0,171500.0,27240.0,665.0,8000.0
2015.12.22,172500.0,1000.0,171500.0,175000.0,169000.0,39245.0,7900.0,7257.0
2015.12.21,171500.0,1500.0,169500.0,172500.0,167000.0,38914.0,-7793.0,12895.0
2015.12.18,170000.0,-1500.0,168500.0,173000.0,167500.0,56122.0,-13926.0,13917.0
2015.12.17,171500.0,1500.0,172000.0,174500.0,168500.0,46613.0,-325.0,7978.0
2015.12.16,170000.0,4000.0,167500.0,170500.0,166500.0,105572.0,3204.0,21253.0
2015.12.15,166000.0,-8000.0,176000.0,176000.0,165000.0,120302.0,-16889.0,20374.0
2015.12.14,174000.0,-1000.0,172000.0,176000.0,170500.0,45677.0,-2429.0,11784.0
2015.12.11,175000.0,-1000.0,177500.0,182000.0,174000.0,120352.0,-19461.0,45566.0
2015.12.10,176000.0,3000.0,174500.0,177000.0,173500.0,62708.0,-3331.0,24409.0
2015.12.09,173000.0,2000.0,171000.0,175000.0,170000.0,82594.0,27124.0,11789.0
2015.12.08,171000.0,0.0,171000.0,174000.0,169500.0,57307.0,5548.0,9491.0
2015.12.07,171000.0,4000.0,168500.0,173500.0,167000.0,94734.0,8917.0,36481.0
2015.12.04,167000.0,0.0,167000.0,167000.0,163000.0,33238.0,3551.0,-1297.0
2015.12.03,167000.0,1500.0,166500.0,168000.0,165500.0,90486.0,-2218.0,34653.0
2015.12.02,165500.0,3500.0,164000.0,166000.0,162500.0,57828.0,9529.0,5508.0
2015.12.01,162000.0,4000.0,158000.0,164000.0,158000.0,77454.0,1029.0,39940.0
2015.11.30,158000.0,-1000.0,159000.0,160000.0,155500.0,39068.0,5328.0,7003.0
2015.11.27,159000.0,500.0,158500.0,161500.0,157500.0,29288.0,8952.0,2853.0
2015.11.26,158500.0,-3500.0,162000.0,162000.0,158500.0,53451.0,-10469.0,20682.0
2015.11.25,162000.0,2000.0,157500.0,163000.0,157500.0,92589.0,-27124.0,51139.0
2015.11.24,160000.0,3000.0,158000.0,160000.0,156500.0,48634.0,6724.0,10426.0
2015.11.23,157000.0,-1000.0,158500.0,158500.0,154500.0,33573.0,-1451.0,6754.0
2015.11.20,158000.0,2000.0,156500.0,159500.0,155500.0,57987.0,4412.0,26012.0
2015.11.19,156000.0,2000.0,156000.0,157000.0,154500.0,58424.0,4174.0,27471.0
2015.11.18,154000.0,5000.0,150500.0,157000.0,150000.0,149645.0,10426.0,60571.0
2015.11.17,149000.0,2500.0,147500.0,151000.0,145000.0,47773.0,-4495.0,21610.0
2015.11.16,146500.0,0.0,146000.0,147500.0,143500.0,39789.0,3420.0,7458.0
2015.11.13,146500.0,-1000.0,146000.0,147500.0,144000.0,23958.0,-3436.0,11212.0
2015.11.12,147500.0,-1000.0,149500.0,150500.0,146500.0,33203.0,3526.0,8433.0
2015.11.11,148500.0,0.0,149000.0,150500.0,146000.0,25339.0,-9591.0,12948.0
2015.11.10,148500.0,-3500.0,150000.0,150000.0,145500.0,41742.0,3776.0,-4216.0
2015.11.09,152000.0,4000.0,148500.0,153000.0,147500.0,44218.0,4574.0,10392.0
2015.11.06,148000.0,-5500.0,153500.0,153500.0,147000.0,60030.0,-18382.0,8659.0
2015.11.05,153500.0,3500.0,151000.0,154500.0,150000.0,74750.0,45277.0,-10232.0
2015.11.04,150000.0,0.0,151000.0,152000.0,149000.0,24571.0,6245.0,-3949.0
2015.11.03,150000.0,3500.0,148000.0,152500.0,148000.0,86193.0,23605.0,12114.0
2015.11.02,146500.0,-2000.0,146500.0,148500.0,144500.0,29772.0,-3044.0,2957.0
2015.10.30,148500.0,0.0,147500.0,149000.0,144000.0,38568.0,-2641.0,-852.0
2015.10.29,148500.0,-1000.0,149500.0,149500.0,146500.0,36386.0,-5632.0,3932.0
2015.10.28,149500.0,1500.0,147000.0,150500.0,145500.0,69519.0,10499.0,15493.0
2015.10.27,148000.0,-1000.0,148000.0,149500.0,145500.0,81775.0,4694.0,15477.0
2015.10.26,149000.0,15000.0,138500.0,150500.0,138500.0,366598.0,731.0,152141.0
2015.10.23,134000.0,0.0,136500.0,136500.0,133500.0,36267.0,-17235.0,13882.0
2015.10.22,134000.0,-2000.0,135500.0,137000.0,132000.0,69058.0,-31170.0,30249.0
2015.10.21,136000.0,-2000.0,138500.0,139000.0,135500.0,38573.0,-16792.0,8987.0
2015.10.20,138000.0,1500.0,137500.0,139500.0,137000.0,48225.0,-7112.0,22723.0
2015.10.19,136500.0,-2500.0,139000.0,139000.0,135000.0,56467.0,-3576.0,-648.0
2015.10.16,139000.0,-2500.0,141500.0,141500.0,136000.0,78588.0,4151.0,-8124.0
2015.10.15,141500.0,3000.0,139000.0,141500.0,137500.0,68265.0,18483.0,4631.0
2015.10.14,138500.0,-1500.0,139000.0,140500.0,138500.0,42595.0,-5.0,5759.0
2015.10.13,140000.0,1500.0,139000.0,141000.0,137500.0,44652.0,-4390.0,6633.0
2015.10.12,138500.0,-1000.0,139500.0,142000.0,136500.0,49421.0,-20512.0,16530.0
2015.10.08,139500.0,1500.0,139000.0,141000.0,137000.0,38374.0,8794.0,9970.0
2015.10.07,138000.0,3500.0,133500.0,139500.0,132000.0,67420.0,1325.0,19593.0
2015.10.06,134500.0,-3000.0,136500.0,138500.0,128500.0,191417.0,-36624.0,42744.0
2015.10.05,137500.0,-3000.0,140500.0,142500.0,137000.0,89283.0,-35679.0,31543.0
2015.10.02,140500.0,-500.0,141500.0,144000.0,139500.0,83330.0,-754.0,14878.0
2015.10.01,141000.0,4000.0,138000.0,143000.0,137000.0,128144.0,35293.0,5727.0
2015.09.30,137000.0,6500.0,129000.0,138000.0,128000.0,114889.0,30067.0,24232.0
2015.09.25,130500.0,-500.0,131000.0,132000.0,127500.0,65682.0,-2745.0,11313.0
2015.09.24,131000.0,-2000.0,133000.0,134500.0,130000.0,51649.0,-10315.0,-1998.0
2015.09.23,133000.0,-3500.0,134500.0,136000.0,130500.0,66716.0,2422.0,2134.0
2015.09.22,136500.0,2500.0,134000.0,139000.0,133500.0,71323.0,6283.0,-1483.0
2015.09.21,134000.0,0.0,132000.0,135000.0,130500.0,43131.0,1108.0,1144.0
2015.09.18,134000.0,1500.0,132500.0,134500.0,131000.0,70818.0,12716.0,-624.0
2015.09.17,132500.0,2000.0,132000.0,135000.0,128500.0,96585.0,4092.0,25053.0
2015.09.16,130500.0,4500.0,126000.0,133000.0,125500.0,128408.0,36161.0,9306.0
2015.09.15,126000.0,3000.0,124000.0,127500.0,123000.0,88301.0,19731.0,4283.0
2015.09.14,123000.0,-500.0,124500.0,124500.0,120000.0,38442.0,-220.0,-1437.0
2015.09.11,123500.0,-1500.0,124500.0,125000.0,123000.0,41433.0,8554.0,5534.0
2015.09.10,125000.0,0.0,123500.0,126000.0,123000.0,64357.0,-4918.0,5561.0
2015.09.09,125000.0,2000.0,124500.0,126000.0,123000.0,115896.0,-2425.0,17609.0
2015.09.08,123000.0,2500.0,121500.0,123500.0,120000.0,107814.0,9399.0,3206.0
2015.09.07,120500.0,4000.0,115500.0,122000.0,115500.0,75205.0,18172.0,-1597.0
2015.09.04,116500.0,-3000.0,120000.0,120000.0,115000.0,53575.0,3732.0,-5086.0
2015.09.03,119500.0,-500.0,123000.0,123000.0,118500.0,64645.0,-9677.0,-17761.0
2015.09.02,120000.0,3000.0,115000.0,122500.0,114500.0,145232.0,26587.0,10350.0
2015.09.01,117000.0,0.0,117500.0,120000.0,115000.0,96570.0,8811.0,-27865.0
2015.08.31,117000.0,4000.0,112500.0,118000.0,112000.0,79395.0,8758.0,-6298.0
2015.08.28,113000.0,1000.0,114500.0,114500.0,111500.0,47418.0,-1296.0,422.0
2015.08.27,112000.0,-1000.0,114500.0,115000.0,111500.0,65459.0,79.0,1169.0
2015.08.26,113000.0,3000.0,111000.0,114000.0,108000.0,111571.0,1774.0,-1207.0
2015.08.25,110000.0,1500.0,109500.0,114500.0,107000.0,245394.0,-18007.0,-4290.0
2015.08.24,108500.0,-5500.0,114000.0,115000.0,106500.0,115308.0,2261.0,-24887.0
2015.08.21,114000.0,-1000.0,111000.0,115000.0,109000.0,130180.0,11557.0,-3280.0
2015.08.20,115000.0,-4500.0,122500.0,122500.0,113500.0,137730.0,-6510.0,-14561.0
2015.08.19,119500.0,4500.0,115000.0,125500.0,114000.0,411281.0,105007.0,12284.0
2015.08.18,115000.0,12000.0,104000.0,116500.0,102500.0,225171.0,34058.0,5528.0
2015.08.17,103000.0,-3000.0,106500.0,106500.0,102500.0,28322.0,-11376.0,2.0
2015.08.13,106000.0,1500.0,105500.0,107500.0,104500.0,52952.0,-1219.0,2301.0
2015.08.12,104500.0,2500.0,101500.0,108000.0,101500.0,97246.0,28420.0,6969.0
2015.08.11,102000.0,-2000.0,103500.0,104000.0,102000.0,62989.0,-12348.0,8196.0
2015.08.10,104000.0,-1000.0,104500.0,104500.0,100500.0,72522.0,-9671.0,3695.0
2015.08.07,105000.0,-500.0,105000.0,105500.0,103500.0,55090.0,-22865.0,6559.0
2015.08.06,105500.0,-3500.0,108000.0,109500.0,105000.0,68586.0,-6515.0,4713.0
2015.08.05,109000.0,4000.0,106000.0,110500.0,106000.0,101350.0,-21929.0,3847.0
2015.08.04,105000.0,-500.0,105000.0,105500.0,103500.0,59414.0,-25337.0,10149.0
2015.08.03,105500.0,-6500.0,111000.0,111000.0,103500.0,121195.0,-54965.0,1312.0
2015.07.31,112000.0,-1000.0,114000.0,114500.0,107500.0,92820.0,-17121.0,-10491.0
2015.07.30,113000.0,0.0,111500.0,116000.0,111500.0,63832.0,7659.0,3400.0
2015.07.29,113000.0,-3000.0,117000.0,117500.0,111000.0,71086.0,-6873.0,-11253.0
2015.07.28,116000.0,-2000.0,118000.0,118500.0,114000.0,86172.0,18680.0,-11454.0
2015.07.27,118000.0,4000.0,113500.0,120000.0,112000.0,140261.0,43952.0,-1533.0
2015.07.24,114000.0,-1000.0,114500.0,117500.0,110500.0,97459.0,-14473.0,-718.0
2015.07.23,115000.0,2500.0,112500.0,115500.0,111000.0,95172.0,-7891.0,-305.0
2015.07.22,112500.0,-1000.0,112000.0,115000.0,111000.0,68136.0,15503.0,-7057.0
2015.07.21,113500.0,8500.0,104500.0,116000.0,104500.0,229909.0,24458.0,19792.0
2015.07.20,105000.0,-2000.0,107000.0,107500.0,103000.0,74632.0,-9262.0,-2395.0
2015.07.17,107000.0,-3000.0,110000.0,110500.0,105500.0,62995.0,-229.0,-7001.0
2015.07.16,110000.0,-1000.0,111500.0,113500.0,110000.0,44502.0,-450.0,-7396.0
2015.07.15,111000.0,2000.0,109500.0,114500.0,108500.0,83263.0,7411.0,-23192.0
2015.07.14,109000.0,500.0,111000.0,112000.0,108500.0,55757.0,-4351.0,-15570.0
2015.07.13,108500.0,1000.0,107500.0,109500.0,104500.0,73316.0,-7103.0,-16590.0
2015.07.10,107500.0,2000.0,104500.0,111500.0,104000.0,130715.0,1145.0,24451.0
2015.07.09,105500.0,-6000.0,110000.0,110500.0,105000.0,82816.0,-8814.0,-30399.0
2015.07.08,111500.0,-500.0,112000.0,112000.0,108500.0,47774.0,-8423.0,-256.0
2015.07.07,112000.0,2000.0,109500.0,112000.0,107500.0,84198.0,14533.0,-19500.0
2015.07.06,110000.0,-3000.0,110000.0,112000.0,107500.0,126635.0,-52265.0,17795.0
2015.07.03,113000.0,-4000.0,115000.0,116000.0,111500.0,122041.0,-54321.0,-2123.0
2015.07.02,117000.0,-3500.0,119500.0,120500.0,113500.0,154356.0,-15541.0,-25302.0
2015.07.01,120500.0,-4000.0,124000.0,124500.0,120500.0,67921.0,-21038.0,-13786.0
2015.06.30,124500.0,1000.0,121500.0,124500.0,121500.0,43320.0,5061.0,-10155.0
2015.06.29,123500.0,-500.0,120500.0,123500.0,119000.0,55280.0,14779.0,-15982.0
2015.06.26,124000.0,0.0,123000.0,125000.0,121500.0,40460.0,-1222.0,-12873.0
2015.06.25,124000.0,-2000.0,126000.0,126000.0,123000.0,29639.0,-4398.0,-10000.0
2015.06.24,126000.0,3000.0,123000.0,127000.0,121000.0,71443.0,19659.0,-14182.0
2015.06.23,123000.0,-1500.0,126000.0,126000.0,120500.0,63258.0,448.0,-26393.0
2015.06.22,124500.0,2000.0,121000.0,125500.0,120500.0,56279.0,959.0,-619.0
2015.06.19,122500.0,-3500.0,125500.0,125500.0,121500.0,78340.0,-21740.0,-8670.0
2015.06.18,126000.0,-4000.0,130000.0,130000.0,124000.0,65674.0,-10166.0,-15873.0
2015.06.17,130000.0,1500.0,126000.0,130000.0,125500.0,56557.0,982.0,-8338.0
2015.06.16,128500.0,-3000.0,130500.0,130500.0,126000.0,67976.0,442.0,-17195.0
2015.06.15,131500.0,500.0,129000.0,132000.0,127000.0,42693.0,-6562.0,-1202.0
2015.06.12,131000.0,-1500.0,133000.0,133500.0,129000.0,39917.0,-4419.0,-3903.0
2015.06.11,132500.0,1500.0,131500.0,137000.0,131000.0,60933.0,18092.0,-14830.0
2015.06.10,131000.0,-500.0,132500.0,132500.0,129000.0,54799.0,1398.0,-11906.0
2015.06.09,131500.0,1000.0,131000.0,132500.0,129500.0,22536.0,-1816.0,-358.0
2015.06.08,130500.0,-4500.0,135000.0,135000.0,130000.0,55323.0,577.0,919.0
2015.06.05,135000.0,-3500.0,136500.0,137500.0,133000.0,75115.0,-10286.0,-13524.0
2015.06.04,138500.0,0.0,137500.0,139500.0,135000.0,87331.0,4917.0,-30207.0
2015.06.03,138500.0,-1000.0,137000.0,140000.0,136500.0,53974.0,4286.0,-4745.0
2015.06.02,139500.0,-2500.0,140500.0,141000.0,134000.0,104467.0,-532.0,-5142.0
2015.06.01,142000.0,1000.0,141500.0,142500.0,138500.0,43177.0,-3774.0,4787.0
2015.05.29,141000.0,-1500.0,141500.0,143500.0,140500.0,52173.0,7195.0,-13213.0
2015.05.28,142500.0,-1500.0,143000.0,144500.0,141000.0,37644.0,-797.0,-4502.0
2015.05.27,144000.0,-1500.0,144000.0,144000.0,142500.0,26496.0,4587.0,-3450.0
2015.05.26,145500.0,-500.0,146000.0,147500.0,144000.0,18179.0,-1275.0,-2100.0
2015.05.22,146000.0,3000.0,142000.0,147500.0,142000.0,53527.0,10546.0,150.0
2015.05.21,143000.0,-3000.0,147000.0,147000.0,142000.0,57390.0,1326.0,-16246.0
2015.05.20,146000.0,-1500.0,148500.0,148500.0,144500.0,52164.0,-10314.0,-3877.0
2015.05.19,147500.0,1000.0,146000.0,148000.0,144000.0,59243.0,-7968.0,10055.0
2015.05.18,146500.0,500.0,145000.0,146500.0,142000.0,53945.0,-741.0,-6130.0
2015.05.15,146000.0,-500.0,146500.0,147500.0,145500.0,31624.0,-1910.0,-1089.0
2015.05.14,146500.0,500.0,145000.0,147000.0,144500.0,68442.0,2798.0,-8045.0
2015.05.13,146000.0,-1000.0,146000.0,148000.0,144500.0,65908.0,-20220.0,-292.0
2015.05.12,147000.0,0.0,146000.0,147500.0,145500.0,41193.0,272.0,-1117.0
2015.05.11,147000.0,-500.0,148500.0,150500.0,145000.0,50254.0,3564.0,-10379.0
2015.05.08,147500.0,-500.0,147500.0,148500.0,146000.0,53816.0,-589.0,-13333.0
2015.05.07,148000.0,-1000.0,149000.0,149000.0,146000.0,29407.0,9482.0,-14340.0
2015.05.06,149000.0,0.0,148500.0,150500.0,148000.0,29322.0,9064.0,-5614.0
2015.05.04,149000.0,0.0,149000.0,150000.0,146500.0,30294.0,-600.0,-4628.0
2015.04.30,149000.0,-2000.0,149500.0,151000.0,147000.0,52185.0,-13871.0,487.0
2015.04.29,151000.0,-2000.0,153000.0,153000.0,148000.0,98523.0,-16343.0,-14635.0
2015.04.28,153000.0,-2000.0,155000.0,155000.0,152000.0,78096.0,-27095.0,-4092.0
2015.04.27,155000.0,-2000.0,157500.0,161500.0,153500.0,120486.0,-32176.0,-1197.0
2015.04.24,157000.0,2000.0,155500.0,160000.0,155000.0,103833.0,26687.0,-9991.0
2015.04.23,155000.0,1000.0,154500.0,155500.0,152000.0,103711.0,12059.0,-32932.0
2015.04.22,154000.0,-5000.0,159000.0,159500.0,152000.0,93983.0,-35681.0,-4820.0
2015.04.21,159000.0,-3000.0,163000.0,163000.0,158500.0,51079.0,-1903.0,-10760.0
2015.04.20,162000.0,-500.0,159000.0,162500.0,159000.0,31590.0,-5401.0,5721.0
2015.04.17,162500.0,500.0,160500.0,163000.0,159000.0,53952.0,-735.0,-118.0
2015.04.16,162000.0,6000.0,157500.0,162500.0,156000.0,75613.0,18938.0,-7393.0
2015.04.15,156000.0,0.0,157500.0,159500.0,155500.0,45439.0,-1514.0,-6889.0
2015.04.14,156000.0,2000.0,154000.0,157000.0,152000.0,69092.0,-2173.0,-312.0
2015.04.13,154000.0,-2500.0,158000.0,158000.0,152500.0,67742.0,-26247.0,-5027.0
2015.04.10,156500.0,2500.0,154500.0,158500.0,153000.0,35470.0,-4600.0,6120.0
2015.04.09,154000.0,-500.0,153500.0,154500.0,152000.0,39631.0,-6643.0,4364.0
2015.04.08,154500.0,-500.0,155000.0,155500.0,152000.0,53745.0,-17094.0,-187.0
2015.04.07,155000.0,0.0,155000.0,157000.0,153500.0,31131.0,-5673.0,-15.0
2015.04.06,155000.0,-500.0,156500.0,156500.0,154500.0,25940.0,-5967.0,5825.0
2015.04.03,155500.0,0.0,156000.0,157000.0,154500.0,31583.0,-8370.0,5271.0
2015.04.02,155500.0,-3000.0,158500.0,159000.0,153500.0,56325.0,-3257.0,1450.0
2015.04.01,158500.0,-1500.0,159000.0,160000.0,156000.0,27862.0,-1737.0,-3558.0
2015.03.31,160000.0,1000.0,160000.0,161000.0,159000.0,15418.0,-620.0,750.0
2015.03.30,159000.0,500.0,158000.0,160500.0,157000.0,24089.0,-9383.0,11328.0
2015.03.27,158500.0,-1500.0,161000.0,161000.0,157000.0,42950.0,-10145.0,3212.0
2015.03.26,160000.0,-1500.0,161500.0,162500.0,157000.0,45664.0,-4253.0,172.0
2015.03.25,161500.0,0.0,163000.0,165000.0,160000.0,60636.0,-8201.0,2128.0
2015.03.24,161500.0,2000.0,160000.0,162500.0,159000.0,50916.0,2402.0,-895.0
2015.03.23,159500.0,-1500.0,161000.0,162000.0,159500.0,40481.0,-8889.0,1744.0
2015.03.20,161000.0,-3000.0,164000.0,164500.0,159500.0,64727.0,-15904.0,3703.0
2015.03.19,164000.0,-1000.0,164500.0,165500.0,161500.0,47150.0,-1132.0,-5050.0
2015.03.18,165000.0,500.0,163500.0,165500.0,162500.0,44821.0,9817.0,-4082.0
2015.03.17,164500.0,-2500.0,167500.0,168000.0,162500.0,59935.0,-15525.0,929.0
2015.03.16,167000.0,-500.0,167500.0,168500.0,165000.0,21802.0,3472.0,-2726.0
2015.03.13,167500.0,-1500.0,169000.0,170000.0,165500.0,33462.0,-2113.0,-4.0
2015.03.12,169000.0,1000.0,168500.0,171500.0,168000.0,80253.0,28559.0,34.0
2015.03.11,168000.0,3000.0,164000.0,169500.0,163500.0,63897.0,23779.0,-2704.0
2015.03.10,165000.0,500.0,165000.0,167000.0,163000.0,42668.0,17971.0,-10171.0
2015.03.09,164500.0,1000.0,161500.0,167500.0,161500.0,39263.0,1563.0,1973.0
2015.03.06,163500.0,-1500.0,163500.0,165500.0,162500.0,43789.0,8913.0,-12673.0
2015.03.05,165000.0,500.0,164500.0,167000.0,163000.0,56330.0,21562.0,-12591.0
2015.03.04,164500.0,3000.0,161500.0,166000.0,161000.0,87563.0,22468.0,14826.0
2015.03.03,161500.0,6500.0,154500.0,164000.0,154500.0,87404.0,47327.0,-8865.0
2015.03.02,155000.0,-1000.0,156000.0,157000.0,150000.0,87692.0,4491.0,-9541.0
2015.02.27,156000.0,-3500.0,160000.0,160000.0,152000.0,74619.0,-4640.0,630.0
2015.02.26,159500.0,-1500.0,160000.0,161000.0,156000.0,79855.0,21580.0,-33173.0
2015.02.25,161000.0,8000.0,155000.0,164000.0,152500.0,136891.0,55609.0,-15346.0
2015.02.24,153000.0,2000.0,151500.0,154500.0,151000.0,45835.0,-4714.0,9410.0
2015.02.23,151000.0,500.0,153000.0,153000.0,149500.0,46011.0,-3563.0,19915.0
2015.02.17,150500.0,3500.0,147000.0,154000.0,145500.0,64370.0,-8852.0,14916.0
2015.02.16,147000.0,1000.0,147000.0,149000.0,143500.0,51134.0,-15949.0,13745.0
2015.02.13,146000.0,1500.0,145000.0,148000.0,143000.0,70811.0,12558.0,-9519.0
2015.02.12,144500.0,-2500.0,147500.0,147500.0,143000.0,73093.0,-9618.0,-1388.0
2015.02.11,147000.0,-1500.0,150000.0,150000.0,145500.0,117510.0,-55534.0,3444.0
2015.02.10,148500.0,2500.0,146000.0,151500.0,141500.0,135360.0,609.0,9031.0
2015.02.09,146000.0,-1500.0,147500.0,149000.0,144500.0,79439.0,-7574.0,-6085.0
2015.02.06,147500.0,-3500.0,152000.0,152500.0,145500.0,188099.0,-35367.0,2611.0
2015.02.05,151000.0,-9500.0,161000.0,162000.0,150500.0,172783.0,-71479.0,2665.0
2015.02.04,160500.0,0.0,161000.0,162500.0,160500.0,41296.0,-15540.0,-1055.0
2015.02.03,160500.0,-5000.0,165500.0,166000.0,158000.0,101247.0,-41004.0,-2724.0
2015.02.02,165500.0,0.0,166500.0,166500.0,163000.0,28104.0,-11014.0,8581.0
2015.01.30,165500.0,-500.0,167000.0,168500.0,163000.0,44817.0,-11751.0,-5979.0
2015.01.29,166000.0,1000.0,166000.0,170500.0,165000.0,69339.0,-20076.0,927.0
2015.01.28,165000.0,1500.0,164500.0,166500.0,163000.0,40241.0,-17886.0,1133.0
2015.01.27,163500.0,4000.0,159500.0,166500.0,158500.0,69408.0,-8562.0,-291.0
2015.01.26,159500.0,1000.0,156000.0,162000.0,156000.0,53481.0,-22679.0,14648.0
2015.01.23,158500.0,-2000.0,162000.0,162000.0,157000.0,83024.0,-8990.0,5166.0
2015.01.22,160500.0,-1000.0,161500.0,163000.0,158500.0,67926.0,-8491.0,-1737.0
2015.01.21,161500.0,-3500.0,166000.0,166000.0,159000.0,96833.0,-30530.0,-12787.0
2015.01.20,165000.0,500.0,165000.0,168000.0,164500.0,33378.0,-20495.0,10558.0
2015.01.19,164500.0,500.0,165500.0,166000.0,163000.0,53848.0,-10978.0,-10498.0
2015.01.16,164000.0,-4500.0,168000.0,168500.0,162500.0,91991.0,-28304.0,-6958.0
2015.01.15,168500.0,-2500.0,171000.0,172000.0,167500.0,53257.0,-3278.0,-11456.0
2015.01.14,171000.0,1000.0,166500.0,172500.0,166500.0,62174.0,-11525.0,9878.0
2015.01.13,170000.0,-4500.0,174500.0,174500.0,169000.0,98436.0,-12361.0,-21021.0
2015.01.12,174500.0,-1500.0,174000.0,176500.0,173000.0,58692.0,-24171.0,1458.0
2015.01.09,176000.0,-5000.0,182000.0,183500.0,176000.0,86460.0,-28200.0,-10090.0
2015.01.08,181000.0,3500.0,177500.0,181500.0,177500.0,42543.0,3068.0,5510.0
2015.01.07,177500.0,-1500.0,179500.0,179500.0,175000.0,40208.0,-3845.0,-420.0
2015.01.06,179000.0,-3000.0,180000.0,181000.0,177500.0,32766.0,-8622.0,3683.0
2015.01.05,182000.0,-500.0,180500.0,182000.0,179000.0,32363.0,-889.0,-2208.0
2015.01.02,182500.0,-1000.0,181500.0,182500.0,180000.0,27121.0,-8493.0,-1398.0
2014.12.30,183500.0,500.0,183000.0,183500.0,179000.0,46127.0,-4948.0,-2065.0
2014.12.29,183000.0,-5000.0,186500.0,189000.0,181500.0,44641.0,-10718.0,-7402.0
2014.12.26,188000.0,4500.0,184000.0,188000.0,183500.0,37730.0,969.0,1398.0
2014.12.24,183500.0,500.0,182500.0,184000.0,182000.0,29024.0,-2906.0,-4238.0
2014.12.23,183000.0,-2000.0,186000.0,186000.0,182000.0,40406.0,-10623.0,3010.0
2014.12.22,185000.0,-1000.0,186000.0,186500.0,183500.0,38109.0,-10589.0,10958.0
2014.12.19,186000.0,-1000.0,190000.0,190500.0,185500.0,45248.0,1716.0,-7957.0
2014.12.18,187000.0,0.0,187000.0,189000.0,183000.0,37592.0,-1448.0,-1230.0
2014.12.17,187000.0,-1500.0,188500.0,190500.0,187000.0,30510.0,2924.0,-2522.0
2014.12.16,188500.0,-1000.0,189500.0,191000.0,187000.0,42060.0,6964.0,-5616.0
2014.12.15,189500.0,1500.0,186500.0,189500.0,184000.0,91688.0,-47268.0,519.0
2014.12.12,188000.0,-3000.0,190000.0,190500.0,183500.0,100563.0,-34716.0,-14611.0
2014.12.11,191000.0,0.0,188000.0,191000.0,185500.0,63862.0,-35093.0,4050.0
2014.12.10,191000.0,-2500.0,193000.0,193000.0,187500.0,61749.0,-27725.0,9764.0
2014.12.09,193500.0,-1000.0,193000.0,193500.0,189500.0,73835.0,-20188.0,1374.0
2014.12.08,194500.0,-1000.0,196500.0,196500.0,190500.0,60448.0,-12821.0,-35.0
2014.12.05,195500.0,-1500.0,197500.0,197500.0,193000.0,43268.0,-7364.0,-4241.0
2014.12.04,197000.0,5500.0,193000.0,197000.0,188500.0,97409.0,-5040.0,5051.0
2014.12.03,191500.0,2500.0,193500.0,193500.0,189500.0,51284.0,-1894.0,4344.0
2014.12.02,189000.0,4000.0,183000.0,189500.0,183000.0,25127.0,7700.0,-4800.0
2014.12.01,185000.0,-5000.0,192000.0,192000.0,183000.0,47678.0,-8071.0,-1536.0
2014.11.28,190000.0,-500.0,190500.0,192000.0,187000.0,28067.0,280.0,-1290.0
2014.11.27,190500.0,5500.0,185000.0,192500.0,185000.0,81890.0,25725.0,-7216.0
2014.11.26,185000.0,2500.0,183000.0,188000.0,180500.0,66135.0,-3035.0,11293.0
2014.11.25,182500.0,-500.0,183500.0,185500.0,181000.0,64131.0,-8908.0,9041.0
2014.11.24,183000.0,-1500.0,183000.0,185000.0,180500.0,62996.0,-20419.0,-49.0
2014.11.21,184500.0,-4000.0,188500.0,190000.0,182000.0,75691.0,-34248.0,18324.0
2014.11.20,188500.0,0.0,188000.0,189000.0,186500.0,31625.0,10841.0,-3456.0
2014.11.19,188500.0,1000.0,187500.0,188500.0,185000.0,34137.0,-4280.0,2878.0
2014.11.18,187500.0,-2000.0,189500.0,190000.0,186000.0,46368.0,-13899.0,2546.0
2014.11.17,189500.0,-2500.0,193000.0,193500.0,186500.0,60378.0,-23508.0,16160.0
2014.11.14,192000.0,-1500.0,192000.0,193500.0,190000.0,31835.0,-4403.0,3668.0
2014.11.13,193500.0,-500.0,193500.0,196500.0,192500.0,32685.0,-8479.0,6406.0
2014.11.12,194000.0,1500.0,194500.0,197500.0,190500.0,49173.0,4169.0,208.0
2014.11.11,192500.0,5000.0,187500.0,195000.0,187500.0,110762.0,-35345.0,50535.0
2014.11.10,187500.0,-1500.0,190500.0,196500.0,186500.0,104072.0,11175.0,-389.0
2014.11.07,189000.0,-3000.0,187500.0,192500.0,186500.0,83729.0,-11772.0,15062.0
2014.11.06,192000.0,-2500.0,194500.0,195500.0,184000.0,1733127.0,33316.0,-14628.0
2014.11.05,194500.0,4000.0,191000.0,194500.0,190500.0,58055.0,-5470.0,5463.0
2014.11.04,190500.0,-3000.0,191500.0,193500.0,181000.0,127495.0,8728.0,-13684.0
2014.11.03,193500.0,-8000.0,200000.0,200000.0,190000.0,101112.0,-7770.0,11231.0
2014.10.31,201500.0,-2000.0,204500.0,206000.0,199500.0,62168.0,5206.0,2716.0
2014.10.30,203500.0,7000.0,198000.0,205000.0,194000.0,99834.0,23219.0,-7463.0
2014.10.29,196500.0,-1500.0,202500.0,203000.0,195500.0,69956.0,271.0,-1600.0
2014.10.28,198000.0,8000.0,190000.0,200000.0,190000.0,126584.0,28717.0,21976.0
2014.10.27,190000.0,8000.0,184500.0,195500.0,183000.0,133824.0,-8616.0,30461.0
2014.10.24,182000.0,3000.0,180500.0,182500.0,171000.0,116021.0,-13137.0,10806.0
